row_id,playerID,year,position,age,avg_salary_year,free_agent_salary,W,L,G,GS,CG,SHO,SV,H,ER,HR,BB,SO,IBB,WP,HBP,BK,BFP,GF,R,SH,SF,GIDP,ERA,BAOpp,InnOuts,PO,A,E,DP,PB,WP,SB,CS,ZR,won_cy_young,won_mvp,won_gold_glove,won_silver_slugger,all_star
accarje01_2010,accarje01,2010,P,29,3278746.825301205,1080000.0,0.0,4.0,47.0,0.0,0.0,0.0,5.0,50.0,22.0,3.0,24.0,26.0,3.0,3.0,4.0,0.0,197.0,13.0,24.0,0.0,3.0,8.0,5.739999999999999,0.3223333333333333,131.0,1.0,4.0,0.0,1.0,0.0,0.0,0.0,0.0,,0,0,0,0,0
aceveal01_2010,aceveal01,2010,P,28,3278746.825301205,,14.0,1.0,59.0,5.0,0.0,0.0,2.0,104.0,45.0,15.0,30.0,87.0,3.0,1.0,6.0,0.0,510.0,13.0,49.0,1.0,2.0,8.0,2.98,0.21833333333333335,378.0,5.0,13.0,2.0,3.0,0.0,0.0,0.0,0.0,,0,0,0,0,0
alberma01_2010,alberma01,2010,P,27,3278746.825301205,875000.0,11.0,12.0,146.0,3.0,0.0,0.0,0.0,201.0,98.0,13.0,92.0,124.0,9.0,6.0,6.0,0.0,846.0,37.0,105.0,9.0,5.0,29.0,4.506666666666667,0.27066666666666667,575.0,15.0,27.0,1.0,3.0,0.0,0.0,0.0,0.0,,0,0,0,0,0
bedarer01_2010,bedarer01,2010,P,31,3278746.825301205,1000000.0,11.0,7.0,30.0,30.0,0.0,0.0,0.0,135.0,59.0,17.0,71.0,162.0,0.0,5.0,8.0,0.0,695.0,0.0,67.0,3.0,3.0,12.0,3.245,0.2215,492.0,8.0,12.0,0.0,2.0,0.0,0.0,0.0,0.0,,0,0,0,0,0
benoijo01_2010,benoijo01,2010,P,33,3278746.825301205,5500000.0,4.0,4.0,107.0,0.0,0.0,0.0,2.0,70.0,34.0,12.0,46.0,118.0,3.0,4.0,0.0,0.0,426.0,24.0,38.0,2.0,2.0,4.0,3.17,0.19,316.0,3.0,8.0,0.0,0.0,0.0,0.0,0.0,0.0,,0,0,0,0,0
buchhta01_2010,buchhta01,2010,P,29,3278746.825301205,600000.0,7.0,6.0,72.0,0.0,0.0,0.0,1.0,55.0,21.0,7.0,24.0,65.0,2.0,5.0,2.0,1.0,312.0,23.0,28.0,3.0,2.0,4.0,2.223333333333333,0.15533333333333335,235.0,8.0,7.0,1.0,0.0,0.0,0.0,0.0,0.0,,0,0,0,0,0
capuach01_2010,capuach01,2010,P,32,3278746.825301205,1500000.0,4.0,4.0,24.0,9.0,0.0,0.0,0.0,65.0,29.0,9.0,21.0,54.0,1.0,5.0,1.0,0.0,278.0,5.0,29.0,3.0,2.0,7.0,3.95,0.259,198.0,2.0,10.0,0.0,0.0,0.0,0.0,0.0,0.0,,0,0,0,0,0
carradj01_2010,carradj01,2010,P,33,3278746.825301205,1200000.0,9.0,3.0,143.0,1.0,0.0,0.0,0.0,201.0,88.0,12.0,77.0,157.0,8.0,9.0,12.0,0.0,893.0,25.0,98.0,6.0,8.0,23.0,3.6950000000000003,0.24125,631.0,10.0,35.0,4.0,3.0,0.0,0.0,0.0,0.0,,0,0,0,0,0
choatra01_2010,choatra01,2010,P,35,3278746.825301205,1250000.0,5.0,3.0,146.0,0.0,0.0,0.0,5.0,69.0,35.0,7.0,28.0,68.0,8.0,4.0,3.0,0.0,329.0,21.0,38.0,2.0,2.0,14.0,3.8500000000000005,0.23299999999999998,243.0,5.0,17.0,1.0,2.0,0.0,0.0,0.0,0.0,,0,0,0,0,0
coffeto01_2010,coffeto01,2010,P,30,3278746.825301205,1350000.0,7.0,8.0,173.0,0.0,0.0,0.0,2.0,172.0,73.0,20.0,52.0,136.0,8.0,7.0,7.0,0.0,726.0,38.0,81.0,6.0,8.0,19.0,3.4274999999999998,0.26725,518.0,6.0,18.0,2.0,2.0,0.0,0.0,0.0,0.0,,0,0,0,0,0
correke01_2010,correke01,2010,P,30,3278746.825301205,4000000.0,25.0,29.0,86.0,78.0,1.0,1.0,0.0,487.0,247.0,52.0,175.0,323.0,15.0,13.0,13.0,1.0,1985.0,2.0,261.0,18.0,13.0,33.0,5.12,0.27999999999999997,1359.0,48.0,42.0,5.0,1.0,0.0,0.0,0.0,0.0,,0,0,0,0,0
crainje01_2010,crainje01,2010,P,29,3278746.825301205,4333333.333333333,13.0,9.0,193.0,0.0,0.0,0.0,1.0,163.0,75.0,14.0,78.0,155.0,10.0,6.0,7.0,1.0,776.0,45.0,84.0,6.0,5.0,15.0,3.776666666666666,0.24066666666666667,547.0,10.0,32.0,4.0,6.0,0.0,0.0,0.0,0.0,,0,0,0,0,0
downssc01_2010,downssc01,2010,P,34,3278746.825301205,4687500.0,6.0,11.0,181.0,0.0,0.0,0.0,14.0,147.0,48.0,10.0,54.0,148.0,11.0,5.0,10.0,0.0,731.0,52.0,52.0,5.0,2.0,21.0,2.5033333333333334,0.22499999999999998,536.0,19.0,35.0,3.0,5.0,0.0,0.0,0.0,0.0,,0,0,0,0,0
duchsju01_2010,duchsju01,2010,P,33,3278746.825301205,700000.0,12.0,9.0,27.0,27.0,1.0,1.0,0.0,133.0,49.0,14.0,46.0,113.0,2.0,3.0,9.0,0.0,673.0,0.0,56.0,1.0,5.0,20.0,2.715,0.23249999999999998,509.0,5.0,17.0,0.0,2.0,0.0,0.0,0.0,0.0,,0,0,0,0,1
durbich01_2010,durbich01,2010,P,33,3278746.825301205,800000.0,11.0,7.0,194.0,0.0,0.0,0.0,3.0,200.0,91.0,20.0,109.0,188.0,11.0,5.0,16.0,0.0,970.0,36.0,100.0,8.0,7.0,26.0,3.686666666666666,0.24,678.0,16.0,31.0,0.0,4.0,0.0,0.0,0.0,0.0,,0,0,0,0,0
francje01_2010,francje01,2010,P,29,3278746.825301205,2000000.0,8.0,16.0,44.0,43.0,0.0,0.0,0.0,283.0,138.0,32.0,72.0,161.0,7.0,1.0,5.0,0.0,1077.0,0.0,145.0,12.0,8.0,21.0,5.005,0.2895,744.0,10.0,38.0,1.0,3.0,0.0,0.0,0.0,0.0,,0,0,0,0,0
guerrma02_2010,guerrma02,2010,P,32,3278746.825301205,3961499.0,16.0,17.0,229.0,0.0,0.0,0.0,3.0,198.0,89.0,29.0,75.0,148.0,12.0,10.0,7.0,0.0,934.0,43.0,98.0,6.0,5.0,13.0,3.5733333333333337,0.23366666666666666,671.0,21.0,33.0,1.0,1.0,0.0,0.0,0.0,0.0,,0,0,0,0,0
harderi01_2010,harderi01,2010,P,29,3278746.825301205,1500000.0,24.0,16.0,71.0,69.0,0.0,0.0,0.0,309.0,155.0,52.0,190.0,427.0,7.0,14.0,18.0,0.0,1634.0,0.0,173.0,14.0,10.0,20.0,3.445,0.21325,1143.0,21.0,20.0,3.0,3.0,0.0,0.0,0.0,0.0,,0,0,0,0,0
jenksbo01_2010,jenksbo01,2010,P,29,3278746.825301205,6000000.0,7.0,8.0,164.0,0.0,0.0,0.0,86.0,157.0,66.0,15.0,51.0,148.0,6.0,5.0,4.0,0.0,702.0,144.0,70.0,6.0,3.0,16.0,3.5933333333333337,0.24666666666666667,503.0,9.0,26.0,1.0,2.0,0.0,0.0,0.0,0.0,,0,0,0,0,0
kurodhi01_2010,kurodhi01,2010,P,35,3278746.825301205,11765724.0,28.0,30.0,83.0,82.0,2.0,2.0,0.0,471.0,199.0,40.0,114.0,362.0,22.0,22.0,13.0,0.0,2071.0,0.0,231.0,23.0,13.0,31.0,3.626666666666667,0.24633333333333332,1491.0,34.0,75.0,6.0,2.0,0.0,0.0,0.0,0.0,,0,0,0,0,0
leecl02_2010,leecl02,2010,P,32,3278746.825301205,20625000.0,48.0,25.0,93.0,93.0,17.0,5.0,0.0,654.0,221.0,45.0,95.0,536.0,4.0,14.0,11.0,1.0,2703.0,0.0,240.0,17.0,18.0,52.0,3.0780000000000003,0.25420000000000004,2002.0,37.0,57.0,7.0,5.0,0.0,0.0,0.0,0.0,,1,0,0,0,1
mccarbr01_2010,mccarbr01,2010,P,27,3278746.825301205,1000000.0,8.0,5.0,22.0,22.0,1.0,1.0,0.0,116.0,60.0,16.0,44.0,75.0,0.0,0.0,4.0,0.0,513.0,0.0,66.0,0.0,7.0,7.0,4.355,0.2495,358.0,8.0,10.0,1.0,1.0,0.0,0.0,0.0,0.0,,0,0,0,0,0
moseldu01_2010,moseldu01,2010,P,29,3278746.825301205,900000.0,7.0,8.0,31.0,22.0,0.0,0.0,0.0,156.0,81.0,22.0,50.0,78.0,1.0,3.0,4.0,1.0,580.0,3.0,82.0,1.0,7.0,12.0,5.3500000000000005,0.308,391.0,13.0,20.0,0.0,1.0,0.0,0.0,0.0,0.0,,0,0,0,0,0
ohmanwi01_2010,ohmanwi01,2010,P,33,3278746.825301205,2000000.0,5.0,3.0,172.0,0.0,0.0,0.0,2.0,103.0,47.0,11.0,53.0,103.0,10.0,5.0,2.0,0.0,488.0,33.0,53.0,5.0,4.0,7.0,3.955,0.24575,339.0,3.0,11.0,0.0,1.0,0.0,0.0,0.0,0.0,,0,0,0,0,0
okajihi01_2010,okajihi01,2010,P,35,3278746.825301205,,13.0,6.0,188.0,0.0,0.0,0.0,1.0,164.0,64.0,20.0,64.0,146.0,9.0,4.0,3.0,0.0,729.0,29.0,65.0,7.0,5.0,7.0,3.5,0.256,507.0,10.0,18.0,1.0,1.0,0.0,0.0,0.0,0.0,,0,0,0,0,0
padilvi01_2010,padilvi01,2010,P,33,3278746.825301205,2000000.0,32.0,19.0,71.0,70.0,2.0,2.0,0.0,420.0,206.0,56.0,143.0,308.0,8.0,17.0,30.0,6.0,1780.0,0.0,222.0,12.0,9.0,46.0,4.2325,0.25975,1240.0,23.0,51.0,7.0,4.0,0.0,0.0,0.0,0.0,,0,0,0,0,0
pavanca01_2010,pavanca01,2010,P,34,3278746.825301205,8500000.0,35.0,25.0,72.0,72.0,8.0,3.0,0.0,503.0,227.0,55.0,86.0,279.0,3.0,9.0,16.0,1.0,1914.0,0.0,237.0,10.0,15.0,35.0,4.8825,0.28875,1364.0,30.0,55.0,0.0,5.0,0.0,0.0,0.0,0.0,,0,0,0,0,0
pennybr01_2010,pennybr01,2010,P,32,3278746.825301205,3000000.0,20.0,22.0,58.0,56.0,1.0,0.0,0.0,366.0,180.0,39.0,102.0,195.0,1.0,8.0,11.0,1.0,1409.0,1.0,195.0,12.0,12.0,35.0,4.425,0.27525,971.0,21.0,41.0,2.0,3.0,0.0,0.0,0.0,0.0,,0,0,0,0,0
peraljo01_2010,peraljo01,2010,P,34,3278746.825301205,925000.0,2.0,5.0,106.0,0.0,0.0,0.0,0.0,113.0,63.0,23.0,35.0,109.0,6.0,1.0,6.0,0.0,526.0,28.0,66.0,3.0,5.0,8.0,4.733333333333333,0.24100000000000002,379.0,5.0,10.0,1.0,0.0,0.0,0.0,0.0,0.0,,0,0,0,0,0
raych01_2010,raych01,2010,P,28,3278746.825301205,1000000.0,5.0,4.0,109.0,0.0,0.0,0.0,2.0,112.0,58.0,13.0,48.0,70.0,9.0,1.0,1.0,0.0,448.0,25.0,59.0,9.0,4.0,7.0,4.9366666666666665,0.2776666666666667,297.0,4.0,20.0,2.0,3.0,0.0,0.0,0.0,0.0,,0,0,0,0,0
riverma01_2010,riverma01,2010,P,41,3278746.825301205,14925862.5,12.0,11.0,191.0,0.0,0.0,0.0,116.0,128.0,36.0,13.0,29.0,194.0,4.0,2.0,8.0,0.0,746.0,170.0,39.0,1.0,2.0,9.0,1.6533333333333333,0.18166666666666664,591.0,10.0,40.0,0.0,2.0,0.0,0.0,0.0,0.0,,0,0,0,0,1
romerjc01_2010,romerjc01,2010,P,34,3278746.825301205,1350000.0,5.0,4.0,162.0,0.0,0.0,0.0,4.0,84.0,38.0,10.0,80.0,92.0,12.0,2.0,12.0,2.0,499.0,33.0,41.0,6.0,0.0,10.0,3.0433333333333334,0.21433333333333335,337.0,13.0,22.0,0.0,1.0,0.0,0.0,0.0,0.0,,0,0,0,0,0
saitota01_2010,saitota01,2010,P,40,3278746.825301205,1750000.0,9.0,10.0,157.0,0.0,0.0,0.0,21.0,131.0,45.0,11.0,58.0,181.0,7.0,4.0,7.0,0.0,658.0,79.0,50.0,3.0,6.0,8.0,2.5833333333333335,0.22433333333333336,470.0,8.0,14.0,1.0,1.0,0.0,0.0,0.0,0.0,,0,0,0,0,0
sherrge01_2010,sherrge01,2010,P,33,3278746.825301205,1200000.0,6.0,8.0,194.0,0.0,0.0,0.0,52.0,146.0,68.0,14.0,81.0,144.0,14.0,3.0,4.0,0.0,701.0,100.0,69.0,7.0,6.0,8.0,3.6175000000000006,0.239,476.0,2.0,10.0,1.0,0.0,0.0,0.0,0.0,0.0,,0,0,0,0,1
takahhi01_2010,takahhi01,2010,P,35,3278746.825301205,4000000.0,10.0,6.0,53.0,12.0,0.0,0.0,8.0,116.0,49.0,13.0,43.0,114.0,7.0,1.0,0.0,1.0,516.0,21.0,51.0,10.0,3.0,7.0,3.61,0.252,366.0,5.0,15.0,1.0,0.0,0.0,0.0,0.0,0.0,,0,0,0,0,0
tallebr01_2010,tallebr01,2010,P,33,3278746.825301205,750000.0,10.0,17.0,122.0,30.0,0.0,0.0,0.0,305.0,168.0,44.0,132.0,220.0,8.0,3.0,11.0,0.0,1313.0,23.0,178.0,3.0,14.0,20.0,4.866666666666666,0.26133333333333336,883.0,16.0,18.0,3.0,0.0,0.0,0.0,0.0,0.0,,0,0,0,0,0
vazquja01_2010,vazquja01,2010,P,34,3278746.825301205,7000000.0,37.0,36.0,96.0,91.0,4.0,0.0,0.0,550.0,271.0,77.0,170.0,559.0,8.0,16.0,17.0,0.0,2447.0,4.0,284.0,18.0,13.0,33.0,4.286666666666666,0.24766666666666667,1755.0,42.0,81.0,0.0,5.0,0.0,0.0,0.0,0.0,,0,0,0,0,0
westbja01_2010,westbja01,2010,P,33,3278746.825301205,8250000.0,11.0,13.0,38.0,38.0,2.0,0.0,0.0,236.0,107.0,25.0,75.0,147.0,4.0,9.0,9.0,0.0,999.0,0.0,112.0,5.0,5.0,27.0,3.75,0.257,712.0,19.0,55.0,3.0,4.0,0.0,0.0,0.0,0.0,,0,0,0,0,0
woodke02_2010,woodke02,2010,P,33,3278746.825301205,1500000.0,11.0,11.0,170.0,0.0,0.0,0.0,62.0,137.0,66.0,14.0,75.0,196.0,8.0,11.0,13.0,1.0,718.0,125.0,67.0,5.0,5.0,9.0,3.6249999999999996,0.21900000000000003,502.0,8.0,16.0,0.0,0.0,0.0,0.0,0.0,0.0,,0,0,0,0,1
youngch03_2010,youngch03,2010,P,31,3278746.825301205,1100000.0,13.0,12.0,36.0,36.0,1.0,0.0,0.0,164.0,91.0,26.0,99.0,158.0,7.0,5.0,3.0,1.0,852.0,0.0,95.0,9.0,6.0,6.0,3.356666666666667,0.20333333333333334,595.0,18.0,18.0,1.0,1.0,0.0,0.0,0.0,0.0,,0,0,0,0,0
bellhe01_2011,bellhe01,2011,P,34,3318838.249106079,8666666.666666666,15.0,9.0,199.0,0.0,0.0,0.0,132.0,161.0,53.0,8.0,73.0,216.0,6.0,13.0,1.0,0.0,821.0,170.0,58.0,9.0,2.0,17.0,2.36,0.219,607.0,13.0,18.0,0.0,1.0,0.0,0.0,0.0,0.0,,0,0,0,0,1
broxtjo01_2011,broxtjo01,2011,P,27,3318838.249106079,4000000.0,13.0,10.0,151.0,0.0,0.0,0.0,65.0,123.0,58.0,10.0,66.0,197.0,8.0,3.0,3.0,0.0,633.0,116.0,64.0,3.0,4.0,7.0,4.11,0.23933333333333331,453.0,7.0,16.0,0.0,0.0,0.0,0.0,0.0,0.0,,0,0,0,0,1
buehrma01_2011,buehrma01,2011,P,32,3318838.249106079,13000000.0,39.0,32.0,97.0,97.0,4.0,1.0,0.0,689.0,273.0,65.0,139.0,313.0,7.0,6.0,8.0,6.0,2629.0,0.0,295.0,23.0,21.0,66.0,3.9033333333333338,0.2823333333333334,1887.0,32.0,127.0,2.0,13.0,0.0,0.0,0.0,0.0,,0,0,1,0,1
campsh01_2011,campsh01,2011,P,36,3318838.249106079,550000.0,12.0,12.0,196.0,0.0,0.0,0.0,4.0,223.0,86.0,18.0,69.0,136.0,18.0,2.0,14.0,0.0,923.0,53.0,98.0,3.0,4.0,33.0,3.5666666666666664,0.26899999999999996,655.0,18.0,31.0,3.0,5.0,0.0,0.0,0.0,0.0,,0,0,0,0,0
capuach01_2011,capuach01,2011,P,33,3318838.249106079,4687500.0,15.0,16.0,57.0,40.0,1.0,1.0,0.0,263.0,123.0,36.0,74.0,222.0,6.0,9.0,6.0,0.0,1080.0,5.0,128.0,12.0,3.0,20.0,4.25,0.2645,756.0,9.0,38.0,0.0,2.0,0.0,0.0,0.0,0.0,,0,0,0,0,0
chenbr01_2011,chenbr01,2011,P,34,3318838.249106079,4500000.0,25.0,21.0,75.0,57.0,2.0,1.0,1.0,362.0,170.0,47.0,132.0,240.0,9.0,9.0,14.0,0.0,1541.0,8.0,181.0,11.0,14.0,22.0,4.573333333333333,0.27099999999999996,1073.0,15.0,57.0,2.0,1.0,0.0,0.0,0.0,0.0,,0,0,0,0,0
colonba01_2011,colonba01,2011,P,38,3318838.249106079,2000000.0,11.0,16.0,41.0,38.0,1.0,1.0,0.0,241.0,102.0,34.0,61.0,173.0,6.0,1.0,5.0,0.0,970.0,0.0,127.0,6.0,9.0,15.0,4.095000000000001,0.2735,680.0,11.0,30.0,2.0,1.0,0.0,0.0,0.0,0.0,,0,0,0,0,0
cordefr01_2011,cordefr01,2011,P,36,3318838.249106079,4500000.0,13.0,14.0,211.0,0.0,0.0,0.0,116.0,175.0,66.0,13.0,88.0,159.0,3.0,9.0,5.0,1.0,866.0,186.0,73.0,5.0,6.0,20.0,2.8166666666666664,0.229,627.0,14.0,26.0,2.0,3.0,0.0,0.0,0.0,0.0,,0,0,0,0,1
francfr01_2011,francfr01,2011,P,32,3318838.249106079,6000000.0,9.0,11.0,161.0,0.0,0.0,0.0,44.0,138.0,63.0,18.0,51.0,170.0,5.0,7.0,2.0,1.0,642.0,100.0,65.0,4.0,1.0,7.0,3.7133333333333334,0.23566666666666666,458.0,7.0,3.0,2.0,0.0,0.0,0.0,0.0,0.0,,0,0,0,0,0
garcifr02_2011,garcifr02,2011,P,35,3318838.249106079,,27.0,18.0,63.0,62.0,0.0,0.0,0.0,379.0,167.0,43.0,102.0,222.0,10.0,10.0,6.0,0.0,1526.0,1.0,175.0,9.0,12.0,27.0,4.2,0.26866666666666666,1079.0,29.0,41.0,3.0,4.0,0.0,0.0,0.0,0.0,,0,0,0,0,0
haranaa01_2011,haranaa01,2011,P,33,3318838.249106079,4000000.0,26.0,28.0,76.0,74.0,2.0,1.0,0.0,500.0,211.0,60.0,139.0,348.0,10.0,18.0,11.0,0.0,1926.0,1.0,226.0,15.0,7.0,32.0,4.390000000000001,0.287,1334.0,19.0,43.0,7.0,1.0,0.0,0.0,0.0,0.0,,0,0,0,0,0
hawkila01_2011,hawkila01,2011,P,39,3318838.249106079,3000000.0,4.0,8.0,135.0,0.0,0.0,0.0,11.0,131.0,43.0,10.0,32.0,91.0,4.0,5.0,4.0,0.0,537.0,49.0,46.0,4.0,3.0,11.0,4.33,0.2786666666666667,383.0,10.0,23.0,1.0,0.0,0.0,0.0,0.0,0.0,,0,0,0,0,0
henslcl01_2011,henslcl01,2011,P,32,3318838.249106079,750000.0,9.0,11.0,105.0,9.0,0.0,0.0,7.0,116.0,57.0,12.0,59.0,123.0,5.0,2.0,8.0,0.0,604.0,30.0,61.0,5.0,2.0,10.0,3.6750000000000003,0.219,428.0,6.0,19.0,1.0,0.0,0.0,0.0,0.0,0.0,,0,0,0,0,0
jacksed01_2011,jacksed01,2011,P,28,3318838.249106079,10957715.0,35.0,30.0,97.0,96.0,3.0,2.0,0.0,639.0,274.0,64.0,210.0,490.0,11.0,35.0,13.0,2.0,2653.0,1.0,296.0,25.0,12.0,62.0,3.904000000000001,0.27040000000000003,1869.0,45.0,54.0,12.0,5.0,0.0,0.0,0.0,0.0,,0,0,0,0,1
kurodhi01_2011,kurodhi01,2011,P,36,3318838.249106079,10000000.0,32.0,36.0,84.0,83.0,0.0,0.0,0.0,486.0,192.0,51.0,121.0,407.0,20.0,29.0,11.0,1.0,2133.0,0.0,223.0,22.0,13.0,31.0,3.4066666666666667,0.24666666666666667,1547.0,31.0,73.0,4.0,5.0,0.0,0.0,0.0,0.0,,0,0,0,0,0
lidgebr01_2011,lidgebr01,2011,P,35,3318838.249106079,1000000.0,1.0,11.0,142.0,0.0,0.0,0.0,59.0,120.0,65.0,16.0,71.0,136.0,10.0,9.0,7.0,1.0,562.0,97.0,70.0,8.0,1.0,7.0,3.856666666666667,0.24,371.0,6.0,18.0,2.0,1.0,0.0,0.0,0.0,0.0,,0,0,0,0,0
marquja01_2011,marquja01,2011,P,33,3318838.249106079,,25.0,28.0,69.0,69.0,3.0,2.0,0.0,448.0,205.0,35.0,147.0,222.0,7.0,8.0,17.0,2.0,1784.0,0.0,225.0,22.0,15.0,51.0,6.03,0.31275000000000003,1220.0,31.0,55.0,5.0,5.0,0.0,0.0,0.0,0.0,,0,0,0,0,1
mijarjo01_2011,mijarjo01,2011,P,27,3318838.249106079,925000.0,3.0,5.0,176.0,0.0,0.0,0.0,0.0,137.0,53.0,15.0,62.0,113.0,4.0,2.0,6.0,0.0,620.0,35.0,62.0,3.0,6.0,12.0,3.4133333333333336,0.25566666666666665,430.0,4.0,12.0,1.0,0.0,0.0,0.0,0.0,0.0,,0,0,0,0,0
motagu01_2011,motagu01,2011,P,38,3318838.249106079,1000000.0,6.0,9.0,169.0,0.0,0.0,0.0,2.0,173.0,85.0,20.0,76.0,154.0,17.0,9.0,7.0,1.0,834.0,55.0,88.0,6.0,10.0,11.0,3.86,0.23566666666666666,599.0,5.0,27.0,1.0,0.0,0.0,0.0,0.0,0.0,,0,0,0,0,0
motteja01_2011,motteja01,2011,P,29,3318838.249106079,1950000.0,13.0,8.0,203.0,0.0,0.0,0.0,11.0,147.0,60.0,17.0,57.0,171.0,6.0,4.0,7.0,1.0,720.0,54.0,67.0,2.0,9.0,18.0,3.0833333333333335,0.22866666666666666,531.0,19.0,22.0,1.0,3.0,0.0,0.0,0.0,0.0,,0,0,0,0,0
owingmi01_2011,owingmi01,2011,P,29,3318838.249106079,500000.0,18.0,14.0,81.0,23.0,0.0,0.0,1.0,210.0,116.0,29.0,112.0,147.0,3.0,5.0,11.0,1.0,958.0,15.0,122.0,9.0,7.0,19.0,4.7700000000000005,0.24733333333333332,648.0,25.0,21.0,3.0,2.0,0.0,0.0,0.0,0.0,,0,0,0,0,0
papeljo01_2011,papeljo01,2011,P,31,3318838.249106079,12500014.5,10.0,9.0,194.0,0.0,0.0,0.0,106.0,161.0,64.0,15.0,62.0,239.0,6.0,5.0,9.0,0.0,827.0,166.0,71.0,6.0,3.0,2.0,2.8966666666666665,0.21533333333333335,598.0,8.0,11.0,3.0,0.0,0.0,0.0,0.0,0.0,,0,0,0,0,1
quallch01_2011,quallch01,2011,P,33,3318838.249106079,1150000.0,11.0,14.0,198.0,0.0,0.0,0.0,36.0,211.0,98.0,19.0,48.0,137.0,11.0,10.0,4.0,0.0,804.0,93.0,109.0,12.0,5.0,19.0,5.25,0.29374999999999996,556.0,12.0,27.0,2.0,2.0,0.0,0.0,0.0,0.0,,0,0,0,0,0
rauchjo01_2011,rauchjo01,2011,P,33,3318838.249106079,3500000.0,15.0,8.0,187.0,0.0,0.0,0.0,34.0,187.0,76.0,20.0,51.0,131.0,2.0,9.0,4.0,0.0,769.0,84.0,78.0,6.0,5.0,12.0,3.4575,0.262,539.0,10.0,16.0,0.0,2.0,0.0,0.0,0.0,0.0,,0,0,0,0,0
rodrifr03_2011,rodrifr03,2011,P,29,3318838.249106079,8000000.0,13.0,10.0,196.0,0.0,0.0,0.0,83.0,163.0,63.0,14.0,85.0,219.0,14.0,8.0,5.0,1.0,838.0,148.0,70.0,7.0,3.0,6.0,2.7325,0.2225,591.0,17.0,12.0,0.0,0.0,0.0,0.0,0.0,0.0,,0,0,0,0,1
romerjc01_2011,romerjc01,2011,P,35,3318838.249106079,750000.0,2.0,0.0,117.0,0.0,0.0,0.0,3.0,71.0,31.0,6.0,57.0,59.0,9.0,0.0,8.0,1.0,360.0,25.0,37.0,4.0,0.0,10.0,3.64,0.258,234.0,5.0,15.0,0.0,1.0,0.0,0.0,0.0,0.0,,0,0,0,0,0
saitota01_2011,saitota01,2011,P,41,3318838.249106079,1750000.0,9.0,8.0,142.0,0.0,0.0,0.0,3.0,112.0,38.0,12.0,51.0,144.0,6.0,5.0,6.0,0.0,569.0,49.0,42.0,4.0,4.0,10.0,2.4299999999999997,0.221,409.0,7.0,11.0,1.0,1.0,0.0,0.0,0.0,0.0,,0,0,0,0,0
saundjo01_2011,saundjo01,2011,P,30,3318838.249106079,6000000.0,37.0,37.0,97.0,97.0,5.0,2.0,0.0,644.0,283.0,83.0,195.0,323.0,7.0,14.0,14.0,1.0,2559.0,0.0,316.0,21.0,17.0,78.0,4.29,0.28200000000000003,1804.0,26.0,106.0,2.0,6.0,0.0,0.0,0.0,0.0,,0,0,0,0,0
sherrge01_2011,sherrge01,2011,P,34,3318838.249106079,1100000.0,6.0,4.0,188.0,0.0,0.0,0.0,21.0,132.0,52.0,11.0,60.0,124.0,9.0,3.0,4.0,0.0,611.0,60.0,53.0,8.0,4.0,7.0,3.185,0.2425,424.0,3.0,14.0,0.0,1.0,0.0,0.0,0.0,0.0,,0,0,0,0,0
sonnaan01_2011,sonnaan01,2011,P,28,3318838.249106079,,9.0,12.0,78.0,26.0,0.0,0.0,1.0,254.0,137.0,40.0,73.0,122.0,7.0,6.0,10.0,0.0,966.0,33.0,147.0,1.0,4.0,19.0,5.586666666666667,0.2873333333333334,649.0,21.0,23.0,3.0,2.0,0.0,0.0,0.0,0.0,,0,0,0,0,0
wangch01_2011,wangch01,2011,P,31,3318838.249106079,4000000.0,5.0,9.0,23.0,20.0,0.0,0.0,0.0,133.0,73.0,15.0,32.0,54.0,1.0,5.0,3.0,0.0,470.0,2.0,81.0,5.0,3.0,8.0,6.84,0.3185,313.0,6.0,13.0,1.0,1.0,0.0,0.0,0.0,0.0,,0,0,0,0,0
willido03_2011,willido03,2011,P,29,3318838.249106079,,4.0,13.0,35.0,33.0,0.0,0.0,0.0,187.0,111.0,16.0,121.0,121.0,2.0,17.0,8.0,2.0,810.0,0.0,111.0,8.0,10.0,23.0,6.08,0.28825,525.0,8.0,31.0,0.0,3.0,0.0,0.0,0.0,0.0,,0,0,0,0,0
wilsocj01_2011,wilsocj01,2011,P,31,3318838.249106079,15300000.0,36.0,21.0,141.0,67.0,6.0,1.0,14.0,418.0,172.0,29.0,199.0,460.0,3.0,16.0,26.0,1.0,2088.0,30.0,201.0,7.0,8.0,57.0,3.033333333333333,0.22766666666666668,1503.0,15.0,63.0,5.0,2.0,0.0,0.0,0.0,0.0,,0,0,0,0,1
zumayjo01_2011,zumayjo01,2011,P,27,3318838.249106079,,5.0,4.0,60.0,0.0,0.0,0.0,2.0,66.0,28.0,6.0,33.0,64.0,3.0,3.0,1.0,0.0,305.0,11.0,31.0,3.0,4.0,6.0,3.7600000000000002,0.2515,208.0,2.0,8.0,1.0,0.0,0.0,0.0,0.0,0.0,,0,0,0,0,0
affelje01_2012,affelje01,2012,P,33,3458421.216981132,6000000.0,8.0,7.0,187.0,0.0,0.0,0.0,10.0,160.0,60.0,10.0,71.0,155.0,9.0,13.0,10.0,0.0,754.0,36.0,70.0,15.0,1.0,15.0,3.1566666666666663,0.246,525.0,15.0,39.0,4.0,1.0,0.0,0.0,0.0,0.0,,0,0,0,0,0
bakersc02_2012,bakersc02,2012,P,31,3458421.216981132,5500000.0,20.0,15.0,52.0,50.0,1.0,0.0,0.0,312.0,132.0,38.0,75.0,271.0,2.0,11.0,10.0,0.0,1273.0,2.0,137.0,2.0,6.0,20.0,3.8150000000000004,0.2625,915.0,26.0,19.0,1.0,1.0,0.0,0.0,0.0,0.0,,0,0,0,0,0
broxtjo01_2012,broxtjo01,2012,P,28,3458421.216981132,6666666.666666667,10.0,13.0,138.0,0.0,0.0,0.0,56.0,135.0,52.0,8.0,54.0,128.0,7.0,1.0,5.0,0.0,571.0,97.0,58.0,5.0,2.0,15.0,3.7024999999999997,0.26675,399.0,9.0,16.0,0.0,0.0,0.0,0.0,0.0,0.0,,0,0,0,0,1
campsh01_2012,campsh01,2012,P,37,3458421.216981132,1350000.0,13.0,12.0,217.0,0.0,0.0,0.0,5.0,229.0,86.0,18.0,61.0,132.0,18.0,3.0,10.0,0.0,917.0,57.0,94.0,3.0,5.0,27.0,3.5966666666666662,0.2743333333333334,649.0,14.0,31.0,3.0,3.0,0.0,0.0,0.0,0.0,,0,0,0,0,0
choatra01_2012,choatra01,2012,P,37,3458421.216981132,2500000.0,5.0,4.0,219.0,0.0,0.0,0.0,1.0,83.0,39.0,7.0,48.0,109.0,13.0,6.0,10.0,0.0,458.0,18.0,48.0,5.0,4.0,12.0,3.1475000000000004,0.20850000000000002,324.0,15.0,20.0,2.0,3.0,0.0,0.0,0.0,0.0,,0,0,0,0,0
colonba01_2012,colonba01,2012,P,39,3458421.216981132,3000000.0,18.0,19.0,53.0,50.0,1.0,1.0,0.0,333.0,131.0,38.0,63.0,226.0,6.0,0.0,4.0,0.0,1330.0,0.0,147.0,5.0,10.0,26.0,3.715,0.2665,950.0,16.0,36.0,5.0,3.0,0.0,0.0,0.0,0.0,,0,0,0,0,0
correke01_2012,correke01,2012,P,32,3458421.216981132,5000000.0,34.0,32.0,87.0,80.0,1.0,0.0,0.0,503.0,249.0,64.0,149.0,281.0,8.0,8.0,10.0,1.0,2029.0,1.0,268.0,27.0,14.0,37.0,4.800000000000001,0.275,1410.0,46.0,59.0,3.0,3.0,0.0,0.0,0.0,0.0,,0,0,0,0,1
dukeza01_2012,dukeza01,2012,P,29,3458421.216981132,700000.0,12.0,19.0,58.0,38.0,0.0,0.0,1.0,324.0,145.0,31.0,74.0,138.0,2.0,5.0,5.0,3.0,1124.0,8.0,159.0,12.0,9.0,27.0,3.9899999999999998,0.2856666666666667,748.0,17.0,37.0,0.0,0.0,0.0,0.0,0.0,0.0,,0,0,0,0,0
farnsky01_2012,farnsky01,2012,P,36,3458421.216981132,1250000.0,9.0,9.0,157.0,0.0,0.0,0.0,25.0,122.0,50.0,10.0,45.0,137.0,4.0,7.0,8.0,0.0,618.0,74.0,53.0,6.0,5.0,6.0,3.5,0.21874999999999997,448.0,14.0,17.0,3.0,1.0,0.0,0.0,0.0,0.0,,0,0,0,0,0
feldmsc01_2012,feldmsc01,2012,P,29,3458421.216981132,6000000.0,15.0,23.0,69.0,45.0,0.0,0.0,0.0,345.0,170.0,35.0,87.0,193.0,4.0,15.0,8.0,1.0,1306.0,12.0,191.0,5.0,14.0,21.0,4.836666666666667,0.26933333333333337,891.0,22.0,47.0,0.0,3.0,0.0,0.0,0.0,0.0,,0,0,0,0,0
francje01_2012,francje01,2012,P,31,3458421.216981132,1500000.0,16.0,29.0,75.0,74.0,1.0,0.0,0.0,488.0,226.0,45.0,84.0,234.0,13.0,8.0,15.0,1.0,1746.0,0.0,234.0,23.0,15.0,35.0,5.133333333333334,0.3033333333333333,1201.0,11.0,71.0,0.0,7.0,0.0,0.0,0.0,0.0,,0,0,0,0,0
frasoja01_2012,frasoja01,2012,P,35,3458421.216981132,1500000.0,7.0,8.0,183.0,0.0,0.0,0.0,4.0,161.0,70.0,17.0,75.0,175.0,10.0,13.0,9.0,1.0,731.0,37.0,75.0,4.0,6.0,17.0,3.9675000000000002,0.25825,502.0,12.0,14.0,2.0,1.0,0.0,0.0,0.0,0.0,,0,0,0,0,0
gorzeto01_2012,gorzeto01,2012,P,30,3458421.216981132,2850000.0,15.0,17.0,104.0,39.0,0.0,0.0,2.0,303.0,132.0,33.0,131.0,276.0,10.0,9.0,10.0,1.0,1357.0,15.0,147.0,15.0,12.0,33.0,3.6666666666666665,0.25333333333333335,940.0,17.0,35.0,4.0,2.0,0.0,0.0,0.0,0.0,,0,0,0,0,0
grillja01_2012,grillja01,2012,P,36,3458421.216981132,3375000.0,3.0,7.0,92.0,0.0,0.0,0.0,3.0,69.0,28.0,9.0,37.0,127.0,9.0,3.0,6.0,0.0,384.0,15.0,30.0,3.0,1.0,3.0,2.6950000000000003,0.20350000000000001,274.0,6.0,13.0,0.0,1.0,0.0,0.0,0.0,0.0,,0,0,0,0,0
guthrje01_2012,guthrje01,2012,P,33,3458421.216981132,7333333.333333333,28.0,43.0,99.0,93.0,2.0,0.0,0.0,612.0,285.0,81.0,166.0,350.0,8.0,3.0,34.0,3.0,2549.0,1.0,315.0,16.0,25.0,50.0,4.4175,0.2705,1797.0,38.0,80.0,11.0,6.0,0.0,0.0,0.0,0.0,,0,0,0,0,0
harenda01_2012,harenda01,2012,P,32,3458421.216981132,13000000.0,40.0,35.0,100.0,99.0,7.0,4.0,0.0,646.0,271.0,79.0,125.0,550.0,10.0,23.0,13.0,3.0,2694.0,1.0,296.0,25.0,23.0,36.0,3.7425,0.258,1950.0,36.0,78.0,4.0,7.0,0.0,0.0,0.0,0.0,,0,0,0,0,0
howeljp01_2012,howeljp01,2012,P,29,3458421.216981132,2850000.0,3.0,3.0,101.0,0.0,0.0,0.0,1.0,69.0,38.0,12.0,40.0,68.0,3.0,3.0,6.0,2.0,341.0,15.0,41.0,3.0,1.0,9.0,4.6,0.241,243.0,4.0,11.0,0.0,1.0,0.0,0.0,0.0,0.0,,0,0,0,0,0
jacksed01_2012,jacksed01,2012,P,29,3458421.216981132,9376875.0,32.0,32.0,95.0,94.0,3.0,2.0,0.0,612.0,273.0,60.0,198.0,497.0,13.0,32.0,10.0,2.0,2553.0,1.0,293.0,30.0,18.0,56.0,3.9859999999999998,0.26959999999999995,1796.0,46.0,63.0,11.0,3.0,0.0,0.0,0.0,0.0,,0,0,0,0,0
karstje01_2012,karstje01,2012,P,30,3458421.216981132,,17.0,23.0,75.0,60.0,1.0,1.0,0.0,398.0,168.0,51.0,75.0,234.0,11.0,7.0,6.0,3.0,1565.0,2.0,182.0,15.0,15.0,30.0,4.090000000000001,0.27299999999999996,1127.0,31.0,42.0,3.0,3.0,0.0,0.0,0.0,0.0,,0,0,0,0,0
kurodhi01_2012,kurodhi01,2012,P,37,3458421.216981132,15000000.0,40.0,40.0,96.0,96.0,3.0,2.0,0.0,581.0,224.0,64.0,148.0,487.0,21.0,37.0,18.0,1.0,2539.0,0.0,250.0,22.0,15.0,46.0,3.26,0.24866666666666667,1854.0,34.0,92.0,3.0,8.0,0.0,0.0,0.0,0.0,,0,0,0,0,0
lannajo01_2012,lannajo01,2012,P,28,3458421.216981132,2500000.0,22.0,22.0,64.0,64.0,0.0,0.0,0.0,402.0,165.0,29.0,139.0,194.0,7.0,6.0,15.0,0.0,1595.0,0.0,187.0,19.0,6.0,51.0,4.16,0.2813333333333334,1082.0,22.0,66.0,2.0,7.0,0.0,0.0,0.0,0.0,,0,0,0,0,0
lewisco01_2012,lewisco01,2012,P,33,3458421.216981132,,32.0,29.0,80.0,80.0,5.0,1.0,0.0,460.0,221.0,72.0,135.0,458.0,1.0,15.0,18.0,0.0,2110.0,0.0,241.0,9.0,11.0,27.0,3.85,0.23866666666666667,1519.0,15.0,32.0,11.0,1.0,0.0,0.0,0.0,0.0,,0,0,0,0,0
liriafr01_2012,liriafr01,2012,P,29,3458421.216981132,1000000.0,29.0,32.0,91.0,83.0,1.0,1.0,0.0,452.0,246.0,42.0,220.0,480.0,6.0,30.0,24.0,2.0,2090.0,2.0,255.0,10.0,16.0,42.0,4.855,0.24775,1448.0,15.0,64.0,1.0,4.0,0.0,0.0,0.0,0.0,,0,0,0,0,0
lyonbr01_2012,lyonbr01,2012,P,33,3458421.216981132,750000.0,13.0,11.0,161.0,0.0,0.0,0.0,25.0,151.0,65.0,11.0,56.0,123.0,16.0,10.0,6.0,0.0,662.0,62.0,66.0,5.0,1.0,6.0,5.1825,0.27725,457.0,19.0,20.0,2.0,1.0,0.0,0.0,0.0,0.0,,0,0,0,0,0
marcush01_2012,marcush01,2012,P,31,3458421.216981132,4000000.0,33.0,19.0,85.0,85.0,1.0,0.0,0.0,472.0,209.0,62.0,141.0,432.0,8.0,12.0,10.0,2.0,2150.0,0.0,225.0,13.0,11.0,27.0,3.6266666666666665,0.23966666666666667,1560.0,42.0,66.0,2.0,5.0,0.0,0.0,0.0,0.0,,0,0,0,0,0
marquja01_2012,marquja01,2012,P,34,3458421.216981132,3000000.0,18.0,26.0,58.0,58.0,2.0,2.0,0.0,376.0,182.0,43.0,109.0,198.0,4.0,8.0,17.0,1.0,1424.0,0.0,207.0,18.0,9.0,36.0,6.517999999999999,0.3226,955.0,23.0,39.0,5.0,2.0,0.0,0.0,0.0,0.0,,0,0,0,0,0
mccarbr01_2012,mccarbr01,2012,P,29,3458421.216981132,5250000.0,17.0,15.0,43.0,43.0,5.0,1.0,0.0,283.0,103.0,21.0,49.0,196.0,3.0,3.0,6.0,0.0,1159.0,0.0,117.0,9.0,13.0,24.0,3.2800000000000002,0.2625,845.0,19.0,36.0,4.0,2.0,0.0,0.0,0.0,0.0,,0,0,0,0,0
parrama01_2012,parrama01,2012,P,30,3458421.216981132,1000000.0,5.0,13.0,104.0,16.0,0.0,0.0,0.0,197.0,101.0,21.0,98.0,190.0,5.0,20.0,6.0,1.0,833.0,17.0,115.0,6.0,8.0,14.0,5.039999999999999,0.273,542.0,10.0,23.0,5.0,0.0,0.0,0.0,0.0,0.0,,0,0,0,0,0
pelfrmi01_2012,pelfrmi01,2012,P,28,3458421.216981132,4000000.0,22.0,22.0,71.0,69.0,2.0,0.0,1.0,457.0,190.0,33.0,137.0,231.0,12.0,4.0,13.0,3.0,1815.0,1.0,204.0,28.0,12.0,43.0,3.563333333333334,0.287,1252.0,29.0,64.0,4.0,5.0,0.0,0.0,0.0,0.0,,0,0,0,0,0
peraljo01_2012,peraljo01,2012,P,36,3458421.216981132,3000000.0,6.0,10.0,186.0,0.0,0.0,0.0,8.0,123.0,60.0,21.0,44.0,194.0,9.0,8.0,2.0,0.0,709.0,37.0,63.0,4.0,4.0,8.0,2.86,0.18600000000000003,551.0,14.0,8.0,0.0,2.0,0.0,0.0,0.0,0.0,,0,0,0,0,0
perezol01_2012,perezol01,2012,P,31,3458421.216981132,1500000.0,1.0,8.0,50.0,7.0,0.0,0.0,0.0,81.0,42.0,10.0,52.0,61.0,5.0,6.0,4.0,0.0,357.0,10.0,44.0,2.0,4.0,6.0,4.46,0.268,228.0,3.0,9.0,0.0,2.0,0.0,0.0,0.0,0.0,,0,0,0,0,0
rauchjo01_2012,rauchjo01,2012,P,34,3458421.216981132,1000000.0,11.0,12.0,185.0,0.0,0.0,0.0,36.0,162.0,71.0,21.0,40.0,124.0,3.0,4.0,3.0,0.0,703.0,91.0,76.0,4.0,5.0,8.0,3.853333333333333,0.24866666666666667,502.0,8.0,15.0,0.0,2.0,0.0,0.0,0.0,0.0,,0,0,0,0,0
riverma01_2012,riverma01,2012,P,43,3458421.216981132,10000000.0,5.0,6.0,134.0,0.0,0.0,0.0,82.0,92.0,27.0,5.0,21.0,113.0,7.0,1.0,7.0,0.0,495.0,118.0,29.0,2.0,3.0,11.0,1.9566666666666668,0.19933333333333336,389.0,4.0,30.0,0.0,1.0,0.0,0.0,0.0,0.0,,0,0,0,0,1
soriajo01_2012,soriajo01,2012,P,28,3458421.216981132,2000000.0,6.0,7.0,126.0,0.0,0.0,0.0,71.0,113.0,40.0,11.0,33.0,131.0,1.0,4.0,4.0,1.0,526.0,103.0,42.0,6.0,6.0,10.0,2.9050000000000002,0.2375,378.0,10.0,21.0,0.0,2.0,0.0,0.0,0.0,0.0,,0,0,0,0,1
verasjo01_2012,verasjo01,2012,P,32,3458421.216981132,1850000.0,10.0,11.0,199.0,0.0,0.0,0.0,2.0,147.0,77.0,16.0,103.0,212.0,4.0,8.0,7.0,1.0,806.0,47.0,81.0,4.0,5.0,8.0,3.7266666666666666,0.211,558.0,10.0,15.0,1.0,0.0,0.0,0.0,0.0,0.0,,0,0,0,0,0
villaca01_2012,villaca01,2012,P,29,3458421.216981132,5000000.0,15.0,11.0,121.0,29.0,0.0,0.0,1.0,264.0,133.0,41.0,100.0,257.0,8.0,15.0,11.0,1.0,1206.0,17.0,135.0,3.0,13.0,25.0,4.2700000000000005,0.24366666666666667,855.0,18.0,22.0,1.0,3.0,0.0,0.0,0.0,0.0,,0,0,0,0,0
dempsry01_2012,dempsry01,2012,P,35,3458421.216981132,13250000.0,37.0,34.0,96.0,96.0,1.0,0.0,0.0,564.0,265.0,67.0,220.0,552.0,6.0,15.0,17.0,1.0,2516.0,0.0,292.0,26.0,9.0,40.0,3.9975,0.25025,1772.0,46.0,85.0,5.0,5.0,0.0,0.0,0.0,0.0,,0,0,0,0,0
greinza01_2012,greinza01,2012,P,29,3458421.216981132,25949757.5,41.0,25.0,95.0,95.0,3.0,0.0,0.0,580.0,257.0,55.0,154.0,582.0,1.0,22.0,13.0,0.0,2502.0,0.0,280.0,19.0,10.0,50.0,3.7424999999999997,0.25025,1812.0,49.0,87.0,1.0,7.0,0.0,0.0,0.0,0.0,,0,0,0,0,0
alberma01_2013,alberma01,2013,P,30,3723344.353374233,,10.0,6.0,175.0,0.0,0.0,0.0,0.0,165.0,72.0,18.0,76.0,147.0,7.0,9.0,8.0,0.0,792.0,43.0,81.0,7.0,4.0,21.0,3.1825,0.23049999999999998,564.0,6.0,27.0,3.0,2.0,0.0,0.0,0.0,0.0,,0,0,0,0,0
axforjo01_2013,axforjo01,2013,P,30,3723344.353374233,4500000.0,14.0,17.0,224.0,0.0,0.0,0.0,81.0,193.0,81.0,24.0,90.0,244.0,6.0,23.0,4.0,0.0,904.0,133.0,93.0,6.0,4.0,12.0,3.2025,0.25225,624.0,4.0,14.0,3.0,1.0,0.0,0.0,0.0,0.0,,0,0,0,0,0
belisro01_2013,belisro01,2013,P,31,3723344.353374233,3000000.0,13.0,8.0,145.0,0.0,0.0,0.0,2.0,119.0,50.0,6.0,57.0,118.0,14.0,4.0,9.0,0.0,586.0,25.0,56.0,3.0,2.0,15.0,3.255,0.2305,417.0,10.0,29.0,3.0,1.0,0.0,0.0,0.0,0.0,,0,0,0,0,0
boggsmi01_2013,boggsmi01,2013,P,29,3723344.353374233,,6.0,7.0,156.0,0.0,0.0,0.0,6.0,146.0,63.0,14.0,62.0,122.0,9.0,6.0,9.0,0.0,676.0,46.0,70.0,10.0,4.0,20.0,4.985,0.2605,472.0,10.0,25.0,2.0,3.0,0.0,0.0,0.0,0.0,,0,0,0,0,0
capuach01_2013,capuach01,2013,P,35,3723344.353374233,2250000.0,27.0,31.0,90.0,84.0,1.0,1.0,0.0,511.0,226.0,63.0,131.0,411.0,14.0,15.0,7.0,0.0,2076.0,0.0,247.0,31.0,8.0,40.0,4.176666666666667,0.27299999999999996,1470.0,17.0,69.0,1.0,4.0,0.0,0.0,0.0,0.0,,0,0,0,0,0
chambjo03_2013,chambjo03,2013,P,28,3723344.353374233,2500000.0,5.0,1.0,94.0,0.0,0.0,0.0,1.0,96.0,42.0,14.0,39.0,84.0,3.0,4.0,4.0,0.0,403.0,22.0,44.0,0.0,3.0,7.0,4.036666666666666,0.26933333333333337,274.0,7.0,9.0,0.0,1.0,0.0,0.0,0.0,0.0,,0,0,0,0,0
colonba01_2013,colonba01,2013,P,40,3723344.353374233,10000000.0,36.0,25.0,83.0,80.0,4.0,4.0,0.0,526.0,187.0,52.0,92.0,343.0,6.0,1.0,4.0,0.0,2099.0,0.0,207.0,8.0,16.0,47.0,3.36,0.26566666666666666,1521.0,22.0,58.0,6.0,4.0,0.0,0.0,0.0,0.0,,0,0,0,0,1
crainje01_2013,crainje01,2013,P,32,3723344.353374233,,12.0,9.0,156.0,0.0,0.0,0.0,1.0,110.0,35.0,12.0,65.0,176.0,7.0,4.0,2.0,1.0,614.0,22.0,40.0,3.0,3.0,5.0,1.9333333333333336,0.20366666666666666,450.0,4.0,17.0,3.0,1.0,0.0,0.0,0.0,0.0,,0,0,0,0,1
escaled01_2013,escaled01,2013,P,27,3723344.353374233,,1.0,5.0,73.0,0.0,0.0,0.0,0.0,92.0,49.0,16.0,28.0,69.0,5.0,4.0,3.0,3.0,401.0,18.0,53.0,4.0,2.0,5.0,4.486666666666667,0.2436666666666667,282.0,4.0,11.0,1.0,1.0,0.0,0.0,0.0,0.0,,0,0,0,0,0
feldmsc01_2013,feldmsc01,2013,P,30,3723344.353374233,10000000.0,20.0,24.0,70.0,53.0,2.0,1.0,0.0,323.0,162.0,36.0,98.0,250.0,3.0,11.0,12.0,2.0,1423.0,10.0,180.0,7.0,13.0,28.0,4.1899999999999995,0.241,1012.0,20.0,50.0,3.0,2.0,0.0,0.0,0.0,0.0,,0,0,0,0,0
floydga01_2013,floydga01,2013,P,30,3723344.353374233,4000000.0,24.0,28.0,65.0,64.0,1.0,0.0,0.0,373.0,188.0,48.0,120.0,320.0,5.0,21.0,25.0,1.0,1632.0,1.0,196.0,9.0,13.0,41.0,4.613333333333333,0.2643333333333333,1158.0,25.0,53.0,2.0,9.0,0.0,0.0,0.0,0.0,,0,0,0,0,0
frasoja01_2013,frasoja01,2013,P,36,3723344.353374233,1750000.0,8.0,7.0,175.0,0.0,0.0,0.0,0.0,136.0,58.0,17.0,68.0,158.0,7.0,10.0,5.0,1.0,652.0,30.0,60.0,4.0,8.0,10.0,3.6900000000000004,0.24725000000000003,458.0,9.0,14.0,2.0,0.0,0.0,0.0,0.0,0.0,,0,0,0,0,0
hammeja01_2013,hammeja01,2013,P,31,3723344.353374233,6000000.0,22.0,27.0,78.0,70.0,1.0,1.0,2.0,434.0,212.0,52.0,158.0,303.0,6.0,12.0,16.0,1.0,1843.0,3.0,229.0,16.0,15.0,37.0,4.386666666666667,0.26266666666666666,1283.0,19.0,57.0,2.0,1.0,0.0,0.0,0.0,0.0,,0,0,0,0,0
hansoto01_2013,hansoto01,2013,P,27,3723344.353374233,,28.0,20.0,68.0,66.0,0.0,0.0,0.0,372.0,183.0,54.0,147.0,359.0,11.0,17.0,11.0,0.0,1628.0,1.0,197.0,12.0,9.0,18.0,4.5,0.25866666666666666,1133.0,11.0,36.0,8.0,1.0,0.0,0.0,0.0,0.0,,0,0,0,0,0
harenda01_2013,harenda01,2013,P,33,3723344.353374233,10000000.0,38.0,37.0,96.0,94.0,5.0,4.0,1.0,580.0,257.0,76.0,102.0,485.0,4.0,19.0,15.0,2.0,2417.0,2.0,278.0,27.0,17.0,33.0,4.056666666666667,0.25933333333333336,1754.0,33.0,68.0,3.0,6.0,0.0,0.0,0.0,0.0,,0,0,0,0,0
hawkila01_2013,hawkila01,2013,P,41,3723344.353374233,2250000.0,8.0,6.0,172.0,0.0,0.0,0.0,14.0,166.0,53.0,12.0,33.0,106.0,4.0,3.0,1.0,0.0,670.0,45.0,62.0,7.0,7.0,15.0,2.9966666666666666,0.268,483.0,7.0,31.0,4.0,3.0,0.0,0.0,0.0,0.0,,0,0,0,0,0
hudsoti01_2013,hudsoti01,2013,P,38,3723344.353374233,11500000.0,40.0,24.0,82.0,82.0,2.0,2.0,0.0,477.0,207.0,36.0,140.0,355.0,11.0,15.0,26.0,0.0,2167.0,0.0,223.0,21.0,12.0,48.0,3.6033333333333335,0.243,1576.0,26.0,72.0,4.0,4.0,0.0,0.0,0.0,0.0,,0,0,0,0,0
hugheph01_2013,hugheph01,2013,P,27,3723344.353374233,8800000.0,25.0,32.0,79.0,75.0,2.0,1.0,0.0,450.0,221.0,68.0,115.0,333.0,6.0,12.0,15.0,0.0,1791.0,1.0,240.0,7.0,18.0,24.0,5.0566666666666675,0.2783333333333333,1235.0,12.0,30.0,1.0,0.0,0.0,0.0,0.0,0.0,,0,0,0,0,0
johnsjo09_2013,johnsjo09,2013,P,29,3723344.353374233,,13.0,23.0,56.0,56.0,0.0,0.0,0.0,324.0,148.0,31.0,115.0,304.0,12.0,11.0,8.0,1.0,1416.0,0.0,161.0,12.0,12.0,23.0,3.8833333333333333,0.24733333333333332,999.0,45.0,44.0,3.0,5.0,0.0,0.0,0.0,0.0,,0,0,0,0,0
kazmisc01_2013,kazmisc01,2013,P,29,3723344.353374233,10000000.0,10.0,9.0,30.0,30.0,0.0,0.0,0.0,167.0,76.0,20.0,49.0,162.0,1.0,5.0,5.0,2.0,686.0,0.0,81.0,2.0,1.0,14.0,15.52,0.381,479.0,10.0,13.0,3.0,0.0,0.0,0.0,0.0,0.0,,0,0,0,0,0
linceti01_2013,linceti01,2013,P,29,3723344.353374233,17500000.0,33.0,43.0,98.0,98.0,2.0,2.0,0.0,543.0,269.0,59.0,252.0,603.0,16.0,37.0,17.0,4.0,2566.0,0.0,287.0,34.0,11.0,35.0,4.096666666666667,0.24233333333333332,1802.0,38.0,66.0,5.0,0.0,0.0,0.0,0.0,0.0,,0,0,0,0,1
loganbo02_2013,loganbo02,2013,P,29,3723344.353374233,5500000.0,17.0,7.0,205.0,0.0,0.0,0.0,1.0,124.0,53.0,17.0,54.0,164.0,13.0,7.0,6.0,0.0,583.0,23.0,58.0,6.0,7.0,6.0,3.4766666666666666,0.24366666666666667,408.0,5.0,20.0,1.0,1.0,0.0,0.0,0.0,0.0,,0,0,0,0,0
lopezja02_2013,lopezja02,2013,P,36,3723344.353374233,4333333.333333333,12.0,4.0,209.0,0.0,0.0,0.0,9.0,109.0,34.0,2.0,52.0,105.0,14.0,4.0,3.0,0.0,536.0,50.0,39.0,8.0,2.0,21.0,2.35,0.23299999999999998,385.0,13.0,34.0,1.0,3.0,0.0,0.0,0.0,0.0,,0,0,0,0,0
maholpa01_2013,maholpa01,2013,P,31,3723344.353374233,1500000.0,29.0,36.0,84.0,83.0,2.0,2.0,0.0,507.0,218.0,48.0,150.0,342.0,12.0,11.0,29.0,0.0,2143.0,0.0,234.0,23.0,16.0,56.0,3.8375000000000004,0.25975000000000004,1513.0,21.0,72.0,4.0,5.0,0.0,0.0,0.0,0.0,,0,0,0,0,0
marmoca01_2013,marmoca01,2013,P,31,3723344.353374233,1250000.0,7.0,13.0,188.0,0.0,0.0,0.0,56.0,134.0,78.0,16.0,133.0,230.0,5.0,11.0,15.0,1.0,799.0,125.0,83.0,5.0,4.0,14.0,3.9549999999999996,0.21100000000000002,535.0,17.0,25.0,2.0,6.0,0.0,0.0,0.0,0.0,,0,0,0,0,0
mcdonja03_2013,mcdonja03,2013,P,29,3723344.353374233,,23.0,19.0,67.0,66.0,1.0,0.0,0.0,352.0,179.0,46.0,167.0,318.0,11.0,10.0,14.0,1.0,1605.0,0.0,195.0,11.0,9.0,28.0,4.726666666666667,0.251,1115.0,24.0,35.0,3.0,1.0,0.0,0.0,0.0,0.0,,0,0,0,0,0
mujiced01_2013,mujiced01,2013,P,29,3723344.353374233,4750000.0,11.0,10.0,202.0,0.0,0.0,0.0,39.0,180.0,67.0,23.0,31.0,156.0,9.0,2.0,4.0,1.0,810.0,76.0,71.0,9.0,3.0,21.0,2.7874999999999996,0.23324999999999999,618.0,15.0,38.0,3.0,4.0,0.0,0.0,0.0,0.0,,0,0,0,0,0
oflaher01_2013,oflaher01,2013,P,28,3723344.353374233,3500000.0,8.0,4.0,161.0,0.0,0.0,0.0,0.0,118.0,24.0,7.0,45.0,124.0,11.0,2.0,5.0,0.0,601.0,14.0,28.0,10.0,4.0,15.0,1.7366666666666666,0.21266666666666667,447.0,4.0,24.0,0.0,0.0,0.0,0.0,0.0,0.0,,0,0,0,0,0
parrama01_2013,parrama01,2013,P,31,3723344.353374233,2750000.0,4.0,6.0,119.0,0.0,0.0,0.0,0.0,102.0,50.0,8.0,50.0,117.0,2.0,10.0,4.0,0.0,461.0,16.0,57.0,3.0,2.0,10.0,4.195,0.2515,314.0,8.0,12.0,0.0,0.0,0.0,0.0,0.0,0.0,,0,0,0,0,0
pelfrmi01_2013,pelfrmi01,2013,P,29,3723344.353374233,5500000.0,12.0,26.0,66.0,65.0,2.0,0.0,0.0,428.0,195.0,34.0,122.0,219.0,7.0,4.0,13.0,2.0,1625.0,0.0,208.0,12.0,15.0,33.0,4.073333333333333,0.2953333333333333,1098.0,29.0,43.0,4.0,4.0,0.0,0.0,0.0,0.0,,0,0,0,0,0
perezch01_2013,perezch01,2013,P,28,3723344.353374233,2300000.0,9.0,14.0,179.0,0.0,0.0,0.0,100.0,151.0,71.0,22.0,63.0,152.0,7.0,2.0,9.0,0.0,733.0,151.0,76.0,9.0,4.0,8.0,3.7466666666666666,0.2333333333333333,514.0,11.0,19.0,1.0,2.0,0.0,0.0,0.0,0.0,,0,0,0,0,1
perezol01_2013,perezol01,2013,P,32,3723344.353374233,2125000.0,4.0,6.0,94.0,0.0,0.0,0.0,2.0,77.0,29.0,7.0,36.0,98.0,5.0,3.0,1.0,0.0,352.0,28.0,30.0,2.0,1.0,8.0,2.93,0.246,248.0,3.0,9.0,1.0,1.0,0.0,0.0,0.0,0.0,,0,0,0,0,0
rodnefe01_2013,rodnefe01,2013,P,36,3723344.353374233,7000000.0,10.0,11.0,183.0,0.0,0.0,0.0,88.0,122.0,46.0,6.0,79.0,184.0,4.0,10.0,7.0,1.0,722.0,135.0,54.0,8.0,3.0,11.0,2.8266666666666667,0.20066666666666666,520.0,19.0,23.0,3.0,3.0,0.0,0.0,0.0,0.0,,0,0,0,0,1
rodrifr03_2013,rodrifr03,2013,P,31,3723344.353374233,3250000.0,11.0,11.0,199.0,0.0,0.0,0.0,36.0,174.0,70.0,19.0,71.0,205.0,9.0,12.0,3.0,0.0,805.0,72.0,73.0,6.0,4.0,12.0,2.998,0.23879999999999998,571.0,13.0,10.0,0.0,0.0,0.0,0.0,0.0,0.0,,0,0,0,0,0
saundjo01_2013,saundjo01,2013,P,32,3723344.353374233,,32.0,42.0,93.0,93.0,4.0,1.0,0.0,637.0,273.0,75.0,167.0,327.0,11.0,11.0,9.0,0.0,2439.0,0.0,299.0,22.0,11.0,65.0,4.199999999999999,0.285,1709.0,33.0,94.0,2.0,7.0,0.0,0.0,0.0,0.0,,0,0,0,0,0
thornma01_2013,thornma01,2013,P,37,3723344.353374233,3500000.0,6.0,19.0,196.0,0.0,0.0,0.0,6.0,170.0,65.0,11.0,53.0,146.0,10.0,6.0,5.0,0.0,715.0,44.0,81.0,8.0,4.0,17.0,3.5399999999999996,0.27649999999999997,504.0,10.0,27.0,2.0,2.0,0.0,0.0,0.0,0.0,,0,0,0,0,0
vargaja01_2013,vargaja01,2013,P,30,3723344.353374233,8500000.0,33.0,32.0,89.0,89.0,9.0,5.0,0.0,568.0,255.0,74.0,160.0,381.0,7.0,8.0,12.0,2.0,2388.0,0.0,267.0,9.0,13.0,50.0,4.04,0.26033333333333336,1705.0,18.0,71.0,4.0,4.0,0.0,0.0,0.0,0.0,,0,0,0,0,0
vogelry01_2013,vogelry01,2013,P,36,3723344.353374233,5000000.0,31.0,22.0,80.0,78.0,1.0,1.0,0.0,459.0,191.0,47.0,161.0,364.0,15.0,7.0,19.0,1.0,2007.0,1.0,211.0,21.0,11.0,38.0,3.936666666666667,0.26166666666666666,1419.0,23.0,53.0,0.0,7.0,0.0,0.0,0.0,0.0,,0,0,0,0,1
volqued01_2013,volqued01,2013,P,30,3723344.353374233,5000000.0,25.0,30.0,85.0,84.0,1.0,1.0,0.0,459.0,261.0,52.0,247.0,420.0,11.0,30.0,16.0,3.0,2068.0,0.0,274.0,19.0,14.0,30.0,5.01,0.255,1385.0,29.0,44.0,2.0,1.0,0.0,0.0,0.0,0.0,,0,0,0,0,0
webbry01_2013,webbry01,2013,P,27,3723344.353374233,1750000.0,8.0,13.0,184.0,0.0,0.0,0.0,0.0,190.0,71.0,9.0,67.0,129.0,18.0,5.0,8.0,1.0,816.0,50.0,80.0,14.0,8.0,20.0,3.3800000000000003,0.26466666666666666,574.0,9.0,27.0,2.0,1.0,0.0,0.0,0.0,0.0,,0,0,0,0,0
willije02_2013,willije02,2013,P,32,3723344.353374233,,19.0,18.0,79.0,46.0,1.0,1.0,1.0,365.0,174.0,46.0,105.0,233.0,3.0,6.0,10.0,0.0,1484.0,16.0,186.0,1.0,8.0,35.0,4.276666666666666,0.268,1053.0,30.0,36.0,3.0,3.0,0.0,0.0,0.0,0.0,,0,0,0,0,0
wrighwe01_2013,wrighwe01,2013,P,28,3723344.353374233,1425000.0,2.0,6.0,168.0,0.0,0.0,0.0,1.0,105.0,43.0,12.0,41.0,120.0,2.0,4.0,9.0,0.0,499.0,35.0,46.0,2.0,2.0,10.0,2.9025,0.21450000000000002,355.0,7.0,22.0,1.0,1.0,0.0,0.0,0.0,0.0,,0,0,0,0,0
wrighja01_2013,wrighja01,2013,P,39,3723344.353374233,1800000.0,9.0,8.0,192.0,1.0,0.0,0.0,1.0,194.0,76.0,12.0,83.0,167.0,13.0,11.0,14.0,0.0,880.0,56.0,86.0,8.0,6.0,20.0,3.3233333333333337,0.252,618.0,27.0,30.0,6.0,5.0,0.0,0.0,0.0,0.0,,0,0,0,0,0
youngch03_2013,youngch03,2013,P,34,3723344.353374233,1250000.0,5.0,9.0,24.0,24.0,0.0,0.0,0.0,131.0,58.0,19.0,47.0,102.0,5.0,3.0,3.0,0.0,588.0,0.0,63.0,10.0,4.0,3.0,3.015,0.20750000000000002,417.0,6.0,10.0,1.0,0.0,0.0,0.0,0.0,0.0,,0,0,0,0,0
balfogr01_2013,balfogr01,2013,P,36,3723344.353374233,4000000.0,9.0,7.0,202.0,0.0,0.0,0.0,64.0,133.0,56.0,19.0,75.0,203.0,5.0,11.0,1.0,0.0,793.0,104.0,58.0,3.0,3.0,13.0,2.53,0.18833333333333332,598.0,9.0,16.0,1.0,2.0,0.0,0.0,0.0,0.0,,0,0,0,0,1
jimenub01_2013,jimenub01,2013,P,29,3723344.353374233,12057700.666666666,32.0,39.0,95.0,95.0,2.0,1.0,0.0,539.0,271.0,58.0,253.0,517.0,8.0,32.0,20.0,1.0,2404.0,0.0,302.0,5.0,16.0,35.0,4.5649999999999995,0.256,1643.0,31.0,58.0,5.0,5.0,0.0,0.0,0.0,0.0,,0,0,0,0,0
santaer01_2013,santaer01,2013,P,31,3723344.353374233,14100000.0,29.0,35.0,95.0,95.0,5.0,2.0,0.0,562.0,264.0,91.0,184.0,472.0,9.0,20.0,23.0,1.0,2572.0,0.0,289.0,8.0,12.0,44.0,3.9266666666666663,0.23933333333333331,1853.0,50.0,55.0,7.0,6.0,0.0,0.0,0.0,0.0,,0,0,0,0,0
kurodhi01_2013,kurodhi01,2013,P,38,3723344.353374233,16000000.0,40.0,40.0,97.0,97.0,4.0,3.0,0.0,592.0,224.0,69.0,143.0,478.0,10.0,31.0,18.0,1.0,2553.0,0.0,242.0,15.0,15.0,45.0,3.233333333333333,0.25066666666666665,1869.0,38.0,92.0,0.0,11.0,0.0,0.0,0.0,0.0,,0,0,0,0,0
anderbr04_2014,anderbr04,2014,P,26,3980445.9139650874,10000000.0,6.0,9.0,30.0,19.0,0.0,0.0,3.0,124.0,54.0,7.0,41.0,100.0,5.0,1.0,1.0,0.0,517.0,4.0,61.0,2.0,1.0,15.0,3.84,0.25966666666666666,369.0,0.0,10.0,0.0,0.0,0.0,0.0,0.0,0.0,,0,0,0,0,0
beimejo01_2014,beimejo01,2014,P,37,3980445.9139650874,,3.0,1.0,56.0,0.0,0.0,0.0,0.0,39.0,11.0,4.0,14.0,25.0,4.0,3.0,1.0,0.0,184.0,8.0,12.0,3.0,1.0,4.0,2.2,0.236,135.0,2.0,11.0,1.0,1.0,0.0,0.0,0.0,0.0,,0,0,0,0,0
belisma01_2014,belisma01,2014,P,34,3980445.9139650874,3500000.0,12.0,22.0,218.0,1.0,0.0,0.0,3.0,241.0,103.0,16.0,52.0,174.0,10.0,7.0,4.0,1.0,931.0,43.0,108.0,10.0,6.0,21.0,4.300000000000001,0.28099999999999997,653.0,20.0,32.0,2.0,3.0,0.0,0.0,0.0,0.0,,0,0,0,0,0
breslcr01_2014,breslcr01,2014,P,34,3980445.9139650874,2000000.0,10.0,6.0,184.0,0.0,0.0,0.0,1.0,174.0,67.0,16.0,68.0,131.0,3.0,7.0,6.0,1.0,758.0,45.0,78.0,4.0,5.0,20.0,3.2925000000000004,0.2465,532.0,9.0,19.0,0.0,2.0,0.0,0.0,0.0,0.0,,0,0,0,0,0
burneaj01_2014,burneaj01,2014,P,37,3980445.9139650874,8500000.0,34.0,39.0,95.0,95.0,3.0,1.0,0.0,559.0,258.0,49.0,225.0,579.0,6.0,31.0,34.0,0.0,2587.0,0.0,287.0,24.0,22.0,51.0,3.7999999999999994,0.24433333333333332,1821.0,42.0,80.0,4.0,2.0,0.0,0.0,0.0,0.0,,0,0,0,0,0
capuach01_2014,capuach01,2014,P,36,3980445.9139650874,5000000.0,19.0,23.0,97.0,65.0,0.0,0.0,0.0,414.0,179.0,46.0,112.0,327.0,12.0,19.0,6.0,1.0,1703.0,4.0,199.0,25.0,12.0,31.0,4.195,0.27,1204.0,13.0,50.0,2.0,3.0,0.0,0.0,0.0,0.0,,0,0,0,0,0
chambjo03_2014,chambjo03,2014,P,29,3980445.9139650874,1000000.0,5.0,6.0,136.0,0.0,0.0,0.0,3.0,130.0,58.0,14.0,56.0,119.0,6.0,6.0,6.0,0.0,556.0,29.0,60.0,1.0,4.0,11.0,4.283333333333333,0.275,377.0,11.0,9.0,0.0,0.0,0.0,0.0,0.0,0.0,,0,0,0,0,0
cottsne01_2014,cottsne01,2014,P,34,3980445.9139650874,3000000.0,10.0,12.0,131.0,0.0,0.0,0.0,3.0,102.0,39.0,8.0,41.0,128.0,4.0,7.0,3.0,2.0,509.0,24.0,41.0,4.0,4.0,7.0,2.7150000000000003,0.2185,371.0,8.0,12.0,0.0,0.0,0.0,0.0,0.0,0.0,,0,0,0,0,0
dukeza01_2014,dukeza01,2014,P,31,3980445.9139650874,4750000.0,7.0,3.0,108.0,1.0,0.0,0.0,0.0,99.0,39.0,6.0,31.0,102.0,4.0,5.0,1.0,0.0,436.0,19.0,44.0,2.0,2.0,13.0,3.33,0.24799999999999997,311.0,3.0,19.0,0.0,1.0,0.0,0.0,0.0,0.0,,0,0,0,0,0
floydga01_2014,floydga01,2014,P,31,3980445.9139650874,4000000.0,14.0,17.0,43.0,43.0,0.0,0.0,0.0,248.0,110.0,32.0,88.0,214.0,3.0,15.0,17.0,0.0,1063.0,0.0,122.0,9.0,7.0,31.0,4.04,0.27066666666666667,740.0,15.0,41.0,2.0,4.0,0.0,0.0,0.0,0.0,,0,0,0,0,0
frierer01_2014,frierer01,2014,P,29,3980445.9139650874,800000.0,8.0,10.0,182.0,0.0,0.0,0.0,71.0,137.0,80.0,31.0,74.0,244.0,3.0,2.0,12.0,0.0,745.0,132.0,83.0,3.0,3.0,8.0,4.99,0.22799999999999998,529.0,4.0,13.0,0.0,2.0,0.0,0.0,0.0,0.0,,0,0,0,0,0
gorzeto01_2014,gorzeto01,2014,P,32,3980445.9139650874,1000000.0,7.0,8.0,111.0,11.0,0.0,0.0,1.0,164.0,62.0,19.0,69.0,168.0,2.0,6.0,6.0,0.0,757.0,22.0,71.0,4.0,4.0,18.0,2.5466666666666664,0.24733333333333332,535.0,16.0,26.0,3.0,4.0,0.0,0.0,0.0,0.0,,0,0,0,0,0
gregelu01_2014,gregelu01,2014,P,30,3980445.9139650874,6375000.0,13.0,13.0,222.0,0.0,0.0,0.0,16.0,164.0,56.0,16.0,54.0,195.0,8.0,10.0,8.0,0.0,846.0,49.0,63.0,12.0,2.0,10.0,2.4066666666666667,0.21266666666666667,631.0,9.0,42.0,2.0,2.0,0.0,0.0,0.0,0.0,,0,0,0,0,0
haranaa01_2014,haranaa01,2014,P,36,3980445.9139650874,5000000.0,27.0,34.0,90.0,90.0,2.0,2.0,0.0,535.0,239.0,55.0,196.0,405.0,15.0,17.0,11.0,0.0,2288.0,0.0,264.0,21.0,22.0,32.0,4.115,0.25575000000000003,1582.0,28.0,72.0,3.0,3.0,0.0,0.0,0.0,0.0,,0,0,0,0,0
johnsji04_2014,johnsji04,2014,P,31,3980445.9139650874,1600000.0,10.0,11.0,199.0,0.0,0.0,0.0,103.0,196.0,84.0,13.0,68.0,139.0,11.0,7.0,16.0,0.0,823.0,147.0,93.0,6.0,2.0,32.0,4.8725,0.25925,577.0,13.0,35.0,3.0,3.0,0.0,0.0,0.0,0.0,,0,0,0,0,1
kendrky01_2014,kendrky01,2014,P,30,3980445.9139650874,5500000.0,31.0,38.0,99.0,87.0,3.0,2.0,0.0,575.0,266.0,63.0,153.0,347.0,12.0,9.0,25.0,1.0,2339.0,2.0,288.0,36.0,16.0,37.0,4.403333333333333,0.27166666666666667,1621.0,42.0,94.0,5.0,7.0,0.0,0.0,0.0,0.0,,0,0,0,0,0
lewisco01_2014,lewisco01,2014,P,35,3980445.9139650874,4000000.0,16.0,20.0,45.0,45.0,4.0,1.0,0.0,310.0,138.0,41.0,62.0,226.0,5.0,5.0,14.0,1.0,1189.0,0.0,155.0,4.0,11.0,12.0,4.305,0.27449999999999997,826.0,7.0,17.0,3.0,0.0,0.0,0.0,0.0,0.0,,0,0,0,0,0
liriafr01_2014,liriafr01,2014,P,31,3980445.9139650874,12666666.5,29.0,30.0,89.0,83.0,2.0,0.0,0.0,407.0,208.0,41.0,231.0,505.0,8.0,30.0,11.0,3.0,2050.0,2.0,219.0,13.0,14.0,34.0,4.2775,0.23299999999999998,1440.0,15.0,77.0,4.0,8.0,0.0,0.0,0.0,0.0,,0,0,0,0,0
masteju01_2014,masteju01,2014,P,29,3980445.9139650874,9500000.0,32.0,34.0,94.0,88.0,4.0,3.0,0.0,509.0,271.0,43.0,233.0,470.0,3.0,36.0,45.0,0.0,2301.0,3.0,287.0,19.0,14.0,64.0,5.2325,0.266,1584.0,53.0,83.0,3.0,10.0,0.0,0.0,0.0,0.0,,0,0,0,0,1
mcgowdu01_2014,mcgowdu01,2014,P,32,3980445.9139650874,650000.0,5.0,3.0,78.0,8.0,0.0,0.0,1.0,99.0,45.0,15.0,45.0,87.0,2.0,5.0,5.0,0.0,468.0,17.0,52.0,0.0,2.0,7.0,3.31,0.2215,323.0,5.0,17.0,2.0,2.0,0.0,0.0,0.0,0.0,,0,0,0,0,0
morrobr01_2014,morrobr01,2014,P,30,3980445.9139650874,2500000.0,13.0,13.0,44.0,37.0,3.0,3.0,0.0,198.0,96.0,26.0,77.0,180.0,1.0,5.0,3.0,1.0,894.0,2.0,105.0,2.0,6.0,17.0,4.753333333333333,0.2623333333333333,637.0,9.0,14.0,1.0,1.0,0.0,0.0,0.0,0.0,,0,0,0,0,0
motteja01_2014,motteja01,2014,P,32,3980445.9139650874,4500000.0,5.0,5.0,96.0,0.0,0.0,0.0,42.0,78.0,35.0,16.0,26.0,103.0,1.0,1.0,2.0,0.0,389.0,68.0,37.0,2.0,3.0,5.0,3.715,0.242,291.0,4.0,12.0,0.0,0.0,0.0,0.0,0.0,0.0,,0,0,0,0,0
ogandal01_2014,ogandal01,2014,P,31,3980445.9139650874,1500000.0,11.0,7.0,108.0,19.0,0.0,0.0,4.0,169.0,79.0,21.0,73.0,160.0,3.0,15.0,8.0,1.0,813.0,21.0,83.0,3.0,6.0,16.0,4.406666666666666,0.24933333333333332,586.0,12.0,20.0,0.0,1.0,0.0,0.0,0.0,0.0,,0,0,0,0,0
outmajo01_2014,outmajo01,2014,P,30,3980445.9139650874,,8.0,3.0,128.0,7.0,0.0,0.0,0.0,127.0,72.0,14.0,59.0,119.0,4.0,8.0,3.0,0.0,545.0,17.0,74.0,4.0,3.0,10.0,3.9499999999999997,0.2435,369.0,6.0,18.0,0.0,3.0,0.0,0.0,0.0,0.0,,0,0,0,0,0
peavyja01_2014,peavyja01,2014,P,33,3980445.9139650874,12000000.0,30.0,30.0,87.0,87.0,6.0,1.0,0.0,517.0,233.0,70.0,148.0,473.0,3.0,8.0,21.0,6.0,2324.0,0.0,249.0,11.0,20.0,41.0,3.7159999999999997,0.2424,1699.0,47.0,57.0,3.0,6.0,0.0,0.0,0.0,0.0,,0,0,0,0,1
pinoyo01_2014,pinoyo01,2014,P,31,3980445.9139650874,,2.0,5.0,11.0,11.0,0.0,0.0,0.0,66.0,34.0,8.0,14.0,50.0,0.0,2.0,1.0,0.0,258.0,0.0,37.0,2.0,4.0,2.0,5.07,0.278,181.0,6.0,6.0,0.0,0.0,0.0,0.0,0.0,0.0,,0,0,0,0,0
romose01_2014,romose01,2014,P,31,3980445.9139650874,7500000.0,15.0,14.0,198.0,0.0,0.0,0.0,75.0,133.0,52.0,19.0,34.0,180.0,6.0,5.0,8.0,0.0,695.0,114.0,55.0,5.0,1.0,5.0,2.6833333333333336,0.2046666666666667,521.0,6.0,18.0,1.0,0.0,0.0,0.0,0.0,0.0,,0,0,0,0,1
staufti01_2014,staufti01,2014,P,32,3980445.9139650874,2200000.0,9.0,3.0,88.0,4.0,0.0,0.0,0.0,133.0,57.0,12.0,46.0,136.0,5.0,1.0,6.0,1.0,581.0,30.0,58.0,5.0,3.0,12.0,4.216666666666667,0.279,417.0,14.0,15.0,0.0,2.0,0.0,0.0,0.0,0.0,,0,0,0,0,0
ueharko01_2014,ueharko01,2014,P,39,3980445.9139650874,9000000.0,10.0,6.0,174.0,0.0,0.0,0.0,48.0,104.0,34.0,19.0,20.0,224.0,2.0,3.0,2.0,0.0,644.0,103.0,35.0,5.0,3.0,5.0,1.7866666666666664,0.16866666666666666,524.0,9.0,15.0,1.0,0.0,0.0,0.0,0.0,0.0,,0,0,0,0,1
vogelry01_2014,vogelry01,2014,P,37,3980445.9139650874,4000000.0,26.0,28.0,82.0,82.0,1.0,0.0,0.0,473.0,219.0,50.0,158.0,376.0,11.0,8.0,23.0,0.0,2035.0,0.0,235.0,21.0,11.0,36.0,4.366666666666667,0.26499999999999996,1434.0,25.0,49.0,2.0,4.0,0.0,0.0,0.0,0.0,,0,0,0,0,0
wrighwe01_2014,wrighwe01,2014,P,29,3980445.9139650874,1700000.0,2.0,9.0,205.0,0.0,0.0,0.0,1.0,147.0,58.0,13.0,55.0,146.0,4.0,5.0,11.0,0.0,664.0,45.0,63.0,4.0,5.0,12.0,3.32,0.2415,463.0,9.0,32.0,1.0,1.0,0.0,0.0,0.0,0.0,,0,0,0,0,0
youngch03_2014,youngch03,2014,P,35,3980445.9139650874,675000.0,16.0,18.0,50.0,49.0,0.0,0.0,0.0,262.0,120.0,42.0,96.0,188.0,8.0,8.0,5.0,1.0,1181.0,0.0,128.0,13.0,13.0,9.0,3.9000000000000004,0.2515,840.0,13.0,18.0,2.0,0.0,0.0,0.0,0.0,0.0,,0,0,0,0,0
youngch03_2014,youngch03,2014,P,35,3980445.9139650874,675000.0,16.0,18.0,50.0,49.0,0.0,0.0,0.0,262.0,120.0,42.0,96.0,188.0,8.0,8.0,5.0,1.0,1181.0,0.0,128.0,13.0,13.0,9.0,3.9000000000000004,0.2515,840.0,13.0,18.0,2.0,0.0,0.0,0.0,0.0,0.0,,0,0,0,0,0
scherma01_2014,scherma01,2014,P,30,3980445.9139650874,19642428.5,55.0,15.0,97.0,97.0,1.0,1.0,0.0,527.0,224.0,59.0,179.0,723.0,3.0,18.0,15.0,3.0,2527.0,0.0,235.0,11.0,17.0,33.0,3.2633333333333336,0.22866666666666666,1867.0,34.0,51.0,5.0,2.0,0.0,0.0,0.0,0.0,,1,0,0,0,1
albural01_2015,albural01,2015,P,29,4301276.094247246,,11.0,5.0,192.0,0.0,0.0,0.0,1.0,148.0,70.0,16.0,88.0,191.0,9.0,16.0,6.0,7.0,727.0,39.0,70.0,1.0,5.0,11.0,3.7699999999999996,0.2336666666666667,505.0,13.0,16.0,1.0,3.0,0.0,0.0,0.0,0.0,,0,0,0,0,0
axforjo01_2015,axforjo01,2015,P,32,4301276.094247246,4500000.0,13.0,16.0,197.0,0.0,0.0,0.0,35.0,172.0,79.0,20.0,94.0,190.0,10.0,11.0,4.0,0.0,782.0,87.0,85.0,7.0,7.0,10.0,3.6799999999999997,0.25439999999999996,526.0,9.0,17.0,1.0,1.0,0.0,0.0,0.0,0.0,,0,0,0,0,0
bastaan01_2015,bastaan01,2015,P,30,4301276.094247246,5375000.0,12.0,10.0,181.0,0.0,0.0,0.0,3.0,115.0,58.0,10.0,81.0,192.0,7.0,17.0,6.0,0.0,689.0,50.0,62.0,9.0,4.0,7.0,3.08,0.19766666666666666,492.0,2.0,6.0,2.0,0.0,0.0,0.0,0.0,0.0,,0,0,0,0,0
beachbr01_2015,beachbr01,2015,P,29,4301276.094247246,,2.0,2.0,7.0,7.0,0.0,0.0,0.0,37.0,22.0,6.0,10.0,28.0,2.0,2.0,0.0,0.0,159.0,0.0,24.0,3.0,1.0,1.0,6.1899999999999995,0.276,114.0,3.0,8.0,0.0,1.0,0.0,0.0,0.0,0.0,,0,0,0,0,0
blantjo01_2015,blantjo01,2015,P,35,4301276.094247246,4000000.0,9.0,16.0,64.0,24.0,0.0,0.0,2.0,249.0,113.0,36.0,50.0,187.0,9.0,11.0,5.0,0.0,920.0,20.0,122.0,2.0,8.0,13.0,3.8333333333333335,0.26266666666666666,626.0,19.0,18.0,3.0,2.0,0.0,0.0,0.0,0.0,,0,0,0,0,0
blevije01_2015,blevije01,2015,P,32,4301276.094247246,4000000.0,8.0,3.0,138.0,0.0,0.0,0.0,0.0,95.0,52.0,10.0,40.0,122.0,8.0,4.0,5.0,0.0,500.0,40.0,54.0,6.0,8.0,5.0,2.6733333333333333,0.149,367.0,1.0,11.0,2.0,0.0,0.0,0.0,0.0,0.0,,0,0,0,0,0
cahiltr01_2015,cahiltr01,2015,P,27,4301276.094247246,4250000.0,12.0,25.0,84.0,45.0,0.0,0.0,1.0,310.0,160.0,26.0,136.0,243.0,5.0,24.0,12.0,0.0,1322.0,15.0,173.0,18.0,13.0,30.0,4.8100000000000005,0.25475000000000003,902.0,14.0,58.0,1.0,4.0,0.0,0.0,0.0,0.0,,0,0,0,0,0
cishest01_2015,cishest01,2015,P,29,4301276.094247246,4000000.0,10.0,17.0,195.0,0.0,0.0,0.0,77.0,166.0,63.0,10.0,70.0,206.0,11.0,3.0,4.0,0.0,799.0,140.0,71.0,9.0,8.0,13.0,3.0775,0.23774999999999996,571.0,15.0,18.0,5.0,0.0,0.0,0.0,0.0,0.0,,0,0,0,0,0
clippty01_2015,clippty01,2015,P,30,4301276.094247246,6100000.0,18.0,11.0,216.0,0.0,0.0,0.0,20.0,133.0,59.0,22.0,78.0,219.0,4.0,8.0,9.0,0.0,854.0,48.0,66.0,5.0,5.0,5.0,2.6100000000000003,0.17875000000000002,637.0,7.0,18.0,0.0,4.0,0.0,0.0,0.0,0.0,,0,0,0,0,1
colemlo01_2015,colemlo01,2015,P,29,4301276.094247246,725000.0,5.0,0.0,62.0,0.0,0.0,0.0,1.0,59.0,23.0,7.0,26.0,57.0,2.0,4.0,2.0,0.0,275.0,20.0,23.0,1.0,1.0,9.0,2.0566666666666666,0.19599999999999998,200.0,2.0,9.0,0.0,4.0,0.0,0.0,0.0,0.0,,0,0,0,0,0
colonba01_2015,colonba01,2015,P,42,4301276.094247246,7250000.0,47.0,32.0,94.0,92.0,4.0,4.0,0.0,628.0,238.0,61.0,83.0,404.0,8.0,3.0,9.0,0.0,2430.0,1.0,251.0,20.0,17.0,51.0,3.6333333333333333,0.27266666666666667,1762.0,26.0,81.0,9.0,9.0,0.0,0.0,0.0,0.0,,0,0,0,0,1
cookry01_2015,cookry01,2015,P,28,4301276.094247246,1100000.0,7.0,9.0,134.0,0.0,0.0,0.0,3.0,114.0,56.0,9.0,54.0,123.0,2.0,11.0,6.0,0.0,550.0,29.0,60.0,2.0,6.0,6.0,10.835,0.31325000000000003,378.0,7.0,16.0,1.0,2.0,0.0,0.0,0.0,0.0,,0,0,0,0,0
defraju01_2015,defraju01,2015,P,28,4301276.094247246,,6.0,6.0,173.0,0.0,0.0,0.0,0.0,182.0,83.0,16.0,69.0,159.0,9.0,15.0,13.0,0.0,789.0,45.0,92.0,7.0,8.0,15.0,3.92,0.25766666666666665,538.0,12.0,11.0,5.0,2.0,0.0,0.0,0.0,0.0,,0,0,0,0,0
estrama01_2015,estrama01,2015,P,32,4301276.094247246,11500000.0,27.0,18.0,94.0,67.0,0.0,0.0,0.0,380.0,191.0,72.0,128.0,376.0,2.0,7.0,10.0,1.0,1861.0,6.0,200.0,9.0,9.0,15.0,3.7866666666666666,0.22433333333333336,1379.0,21.0,38.0,2.0,1.0,0.0,0.0,0.0,0.0,,0,0,0,0,0
felizne01_2015,felizne01,2015,P,27,4301276.094247246,3900000.0,5.0,5.0,84.0,0.0,0.0,0.0,23.0,82.0,41.0,10.0,31.0,64.0,6.0,5.0,2.0,0.0,355.0,48.0,41.0,2.0,2.0,8.0,3.5475,0.26425,253.0,8.0,5.0,0.0,3.0,0.0,0.0,0.0,0.0,,0,0,0,0,0
fistedo01_2015,fistedo01,2015,P,31,4301276.094247246,7000000.0,35.0,22.0,83.0,72.0,2.0,1.0,1.0,502.0,177.0,46.0,92.0,320.0,5.0,13.0,29.0,0.0,1992.0,2.0,199.0,15.0,12.0,51.0,3.4233333333333333,0.274,1427.0,46.0,69.0,4.0,7.0,0.0,0.0,0.0,0.0,,0,0,0,0,0
floydga01_2015,floydga01,2015,P,32,4301276.094247246,1000000.0,2.0,6.0,21.0,14.0,0.0,0.0,0.0,93.0,34.0,10.0,29.0,77.0,1.0,8.0,4.0,0.0,394.0,2.0,42.0,6.0,4.0,10.0,3.5100000000000002,0.25766666666666665,276.0,6.0,17.0,1.0,2.0,0.0,0.0,0.0,0.0,,0,0,0,0,0
happja01_2015,happja01,2015,P,33,4301276.094247246,10000000.0,27.0,26.0,80.0,75.0,0.0,0.0,0.0,424.0,190.0,48.0,141.0,361.0,4.0,12.0,6.0,0.0,1805.0,2.0,203.0,4.0,8.0,31.0,3.8175,0.25275000000000003,1268.0,6.0,49.0,3.0,0.0,0.0,0.0,0.0,0.0,,0,0,0,0,0
hernada01_2015,hernada01,2015,P,30,4301276.094247246,3900000.0,6.0,11.0,102.0,0.0,0.0,0.0,2.0,83.0,47.0,16.0,35.0,99.0,4.0,7.0,7.0,0.0,407.0,19.0,51.0,3.0,0.0,6.0,4.380000000000001,0.2355,288.0,5.0,4.0,1.0,0.0,0.0,0.0,0.0,0.0,,0,0,0,0,0
hillri01_2015,hillri01,2015,P,35,4301276.094247246,6000000.0,3.0,3.0,83.0,4.0,1.0,1.0,0.0,59.0,34.0,5.0,40.0,96.0,7.0,7.0,5.0,1.0,317.0,5.0,37.0,1.0,2.0,5.0,3.1733333333333333,0.42100000000000004,219.0,4.0,6.0,2.0,0.0,0.0,0.0,0.0,0.0,,0,0,0,0,0
hunteto02_2015,hunteto02,2015,P,29,4301276.094247246,2000000.0,13.0,9.0,186.0,0.0,0.0,0.0,16.0,187.0,75.0,22.0,40.0,160.0,6.0,4.0,4.0,0.0,826.0,61.0,79.0,3.0,5.0,26.0,3.7875,0.255,622.0,17.0,24.0,3.0,2.0,0.0,0.0,0.0,0.0,,0,0,0,0,0
jacksed01_2015,jacksed01,2015,P,32,4301276.094247246,507500.0,18.0,36.0,106.0,58.0,0.0,0.0,1.0,409.0,215.0,38.0,143.0,298.0,11.0,28.0,9.0,1.0,1638.0,18.0,240.0,15.0,10.0,25.0,4.355,0.251,1115.0,30.0,50.0,6.0,2.0,0.0,0.0,0.0,0.0,,0,0,0,0,0
johnsji04_2015,johnsji04,2015,P,32,4301276.094247246,2500000.0,10.0,16.0,200.0,0.0,0.0,0.0,62.0,218.0,98.0,15.0,73.0,148.0,12.0,9.0,18.0,0.0,845.0,99.0,108.0,8.0,5.0,37.0,5.876,0.2908,571.0,11.0,29.0,4.0,2.0,0.0,0.0,0.0,0.0,,0,0,0,0,0
kazmisc01_2015,kazmisc01,2015,P,31,4301276.094247246,14985384.0,32.0,29.0,92.0,92.0,2.0,0.0,0.0,495.0,209.0,55.0,156.0,481.0,2.0,19.0,16.0,4.0,2212.0,0.0,234.0,12.0,8.0,50.0,3.535,0.24575,1594.0,16.0,47.0,13.0,2.0,0.0,0.0,0.0,0.0,,0,0,0,0,1
kellesh01_2015,kellesh01,2015,P,31,4301276.094247246,4000000.0,9.0,10.0,169.0,0.0,0.0,0.0,4.0,133.0,66.0,17.0,58.0,201.0,10.0,11.0,1.0,0.0,652.0,42.0,72.0,3.0,7.0,3.0,3.7900000000000005,0.228,469.0,15.0,7.0,1.0,2.0,0.0,0.0,0.0,0.0,,0,0,0,0,0
kenneia01_2015,kenneia01,2015,P,31,4301276.094247246,7500000.0,29.0,38.0,94.0,94.0,0.0,0.0,0.0,535.0,260.0,74.0,195.0,544.0,9.0,26.0,23.0,2.0,2353.0,0.0,288.0,25.0,15.0,32.0,4.345000000000001,0.25375000000000003,1652.0,27.0,50.0,0.0,4.0,0.0,0.0,0.0,0.0,,0,0,0,0,0
kintzbr01_2015,kintzbr01,2015,P,31,4301276.094247246,,6.0,7.0,142.0,0.0,0.0,0.0,0.0,140.0,49.0,11.0,37.0,96.0,5.0,3.0,1.0,0.0,580.0,28.0,54.0,8.0,3.0,20.0,4.12,0.3016666666666667,427.0,15.0,26.0,0.0,3.0,0.0,0.0,0.0,0.0,,0,0,0,0,0
lackejo01_2015,lackejo01,2015,P,37,4301276.094247246,16000000.0,37.0,33.0,93.0,93.0,4.0,0.0,0.0,596.0,225.0,71.0,140.0,500.0,6.0,13.0,11.0,5.0,2507.0,0.0,245.0,20.0,10.0,57.0,3.5475,0.26125,1816.0,50.0,59.0,7.0,3.0,0.0,0.0,0.0,0.0,,0,0,0,0,0
latosma01_2015,latosma01,2015,P,28,4301276.094247246,,23.0,22.0,72.0,69.0,1.0,0.0,0.0,409.0,175.0,36.0,116.0,361.0,8.0,19.0,13.0,1.0,1795.0,2.0,191.0,26.0,9.0,27.0,4.492,0.26559999999999995,1288.0,48.0,46.0,2.0,4.0,0.0,0.0,0.0,0.0,,0,0,0,0,0
lewisco01_2015,lewisco01,2015,P,36,4301276.094247246,6000000.0,27.0,23.0,62.0,62.0,4.0,2.0,0.0,422.0,204.0,51.0,90.0,275.0,7.0,8.0,19.0,1.0,1623.0,0.0,221.0,5.0,20.0,21.0,4.92,0.28500000000000003,1125.0,11.0,20.0,2.0,0.0,0.0,0.0,0.0,0.0,,0,0,0,0,0
lowema01_2015,lowema01,2015,P,32,4301276.094247246,5500000.0,2.0,4.0,75.0,0.0,0.0,0.0,1.0,67.0,27.0,7.0,29.0,74.0,6.0,5.0,1.0,0.0,310.0,16.0,34.0,2.0,3.0,6.0,4.4775,0.257,221.0,2.0,7.0,1.0,0.0,0.0,0.0,0.0,0.0,,0,0,0,0,0
madsory01_2015,madsory01,2015,P,35,4301276.094247246,6666667.0,1.0,2.0,68.0,0.0,0.0,0.0,3.0,47.0,15.0,5.0,14.0,58.0,1.0,1.0,2.0,0.0,248.0,12.0,17.0,0.0,3.0,4.0,2.13,0.205,190.0,6.0,13.0,0.0,4.0,0.0,0.0,0.0,0.0,,0,0,0,0,0
motteja01_2015,motteja01,2015,P,33,4301276.094247246,5000000.0,9.0,1.0,86.0,0.0,0.0,0.0,6.0,77.0,34.0,11.0,20.0,51.0,5.0,3.0,2.0,0.0,316.0,28.0,35.0,3.0,4.0,1.0,4.295,0.274,220.0,2.0,8.0,0.0,0.0,0.0,0.0,0.0,0.0,,0,0,0,0,0
nicasju01_2015,nicasju01,2015,P,29,4301276.094247246,3000000.0,16.0,18.0,117.0,46.0,0.0,0.0,1.0,334.0,171.0,37.0,127.0,247.0,14.0,11.0,7.0,3.0,1372.0,19.0,181.0,14.0,3.0,17.0,4.793333333333333,0.2733333333333333,929.0,20.0,33.0,2.0,1.0,0.0,0.0,0.0,0.0,,0,0,0,0,0
norribu01_2015,norribu01,2015,P,30,4301276.094247246,2500000.0,28.0,31.0,98.0,69.0,0.0,0.0,0.0,445.0,211.0,52.0,150.0,357.0,2.0,9.0,23.0,0.0,1837.0,9.0,225.0,10.0,9.0,34.0,4.968000000000001,0.2744,1275.0,24.0,42.0,4.0,2.0,0.0,0.0,0.0,0.0,,0,0,0,0,0
odayda01_2015,odayda01,2015,P,33,4301276.094247246,5854712.0,16.0,7.0,204.0,0.0,0.0,0.0,12.0,136.0,39.0,18.0,48.0,214.0,6.0,1.0,18.0,0.0,775.0,55.0,43.0,2.0,4.0,13.0,1.8,0.19400000000000003,588.0,10.0,18.0,2.0,3.0,0.0,0.0,0.0,0.0,,0,0,0,0,1
pelfrmi01_2015,pelfrmi01,2015,P,31,4301276.094247246,8000000.0,11.0,27.0,64.0,64.0,0.0,0.0,0.0,411.0,187.0,29.0,116.0,197.0,1.0,7.0,20.0,0.0,1513.0,0.0,201.0,6.0,12.0,45.0,5.813333333333333,0.303,1023.0,19.0,37.0,2.0,5.0,0.0,0.0,0.0,0.0,,0,0,0,0,0
perezol01_2015,perezol01,2015,P,34,4301276.094247246,3000000.0,8.0,11.0,199.0,0.0,0.0,0.0,2.0,139.0,60.0,15.0,65.0,201.0,7.0,7.0,12.0,3.0,668.0,48.0,72.0,6.0,0.0,15.0,4.125,0.24325,458.0,5.0,15.0,2.0,1.0,0.0,0.0,0.0,0.0,,0,0,0,0,0
quallch01_2015,quallch01,2015,P,37,4301276.094247246,2250000.0,9.0,12.0,184.0,0.0,0.0,0.0,23.0,157.0,61.0,15.0,33.0,138.0,10.0,5.0,6.0,0.0,667.0,70.0,64.0,7.0,4.0,18.0,3.44,0.25433333333333336,488.0,10.0,33.0,0.0,4.0,0.0,0.0,0.0,0.0,,0,0,0,0,0
simonal01_2015,simonal01,2015,P,34,4301276.094247246,2000000.0,34.0,26.0,126.0,63.0,2.0,1.0,1.0,450.0,208.0,54.0,150.0,307.0,10.0,21.0,28.0,0.0,1997.0,20.0,223.0,21.0,12.0,30.0,3.7866666666666666,0.245,1413.0,34.0,64.0,2.0,2.0,0.0,0.0,0.0,0.0,,0,0,0,0,1
sippto01_2015,sippto01,2015,P,32,4301276.094247246,6000000.0,10.0,9.0,172.0,0.0,0.0,0.0,4.0,104.0,51.0,16.0,54.0,167.0,5.0,10.0,4.0,1.0,589.0,36.0,54.0,7.0,2.0,4.0,3.3833333333333333,0.20166666666666666,429.0,10.0,13.0,1.0,0.0,0.0,0.0,0.0,0.0,,0,0,0,0,0
torreca01_2015,torreca01,2015,P,33,4301276.094247246,,17.0,18.0,165.0,10.0,0.0,0.0,2.0,229.0,96.0,31.0,73.0,219.0,11.0,15.0,6.0,1.0,1000.0,45.0,101.0,7.0,5.0,23.0,3.7266666666666666,0.25466666666666665,723.0,14.0,34.0,1.0,4.0,0.0,0.0,0.0,0.0,,0,0,0,0,0
turneja01_2015,turneja01,2015,P,24,4301276.094247246,,9.0,19.0,48.0,38.0,1.0,0.0,0.0,264.0,126.0,23.0,87.0,148.0,7.0,17.0,5.0,1.0,1015.0,4.0,136.0,14.0,9.0,22.0,5.3999999999999995,0.301,693.0,28.0,35.0,5.0,2.0,0.0,0.0,0.0,0.0,,0,0,0,0,0
villaca01_2015,villaca01,2015,P,32,4301276.094247246,1490314.0,16.0,18.0,124.0,20.0,0.0,0.0,4.0,256.0,118.0,26.0,80.0,230.0,10.0,4.0,8.0,0.0,1117.0,40.0,121.0,11.0,7.0,17.0,3.883333333333333,0.251,802.0,15.0,25.0,0.0,2.0,0.0,0.0,0.0,0.0,,0,0,0,0,0
vogelry01_2015,vogelry01,2015,P,38,4301276.094247246,2000000.0,21.0,30.0,84.0,73.0,1.0,0.0,0.0,442.0,218.0,50.0,154.0,326.0,6.0,6.0,18.0,0.0,1845.0,6.0,235.0,17.0,13.0,37.0,4.8,0.27266666666666667,1270.0,26.0,42.0,2.0,2.0,0.0,0.0,0.0,0.0,,0,0,0,0,0
webbry01_2015,webbry01,2015,P,29,4301276.094247246,1000000.0,6.0,9.0,157.0,0.0,0.0,0.0,0.0,166.0,65.0,11.0,51.0,122.0,9.0,6.0,5.0,1.0,743.0,43.0,72.0,13.0,6.0,23.0,3.313333333333334,0.24933333333333332,541.0,6.0,40.0,0.0,1.0,0.0,0.0,0.0,0.0,,0,0,0,0,0
youngch03_2015,youngch03,2015,P,36,4301276.094247246,4250000.0,23.0,15.0,64.0,47.0,0.0,0.0,0.0,234.0,109.0,42.0,103.0,191.0,3.0,10.0,3.0,1.0,1188.0,3.0,114.0,8.0,11.0,7.0,3.355,0.21800000000000003,865.0,11.0,20.0,2.0,0.0,0.0,0.0,0.0,0.0,,0,0,0,0,0
youngch03_2015,youngch03,2015,P,36,4301276.094247246,4250000.0,23.0,15.0,64.0,47.0,0.0,0.0,0.0,234.0,109.0,42.0,103.0,191.0,3.0,10.0,3.0,1.0,1188.0,3.0,114.0,8.0,11.0,7.0,3.355,0.21800000000000003,865.0,11.0,20.0,2.0,0.0,0.0,0.0,0.0,0.0,,0,0,0,0,0
samarje01_2015,samarje01,2015,P,30,4301276.094247246,10800000.0,26.0,39.0,98.0,98.0,6.0,3.0,0.0,629.0,294.0,74.0,170.0,579.0,6.0,26.0,30.0,0.0,2703.0,0.0,317.0,11.0,18.0,55.0,3.8175,0.24925,1942.0,48.0,52.0,6.0,6.0,0.0,0.0,0.0,0.0,,0,0,0,0,1
zimmejo02_2015,zimmejo02,2015,P,29,4301276.094247246,18000000.0,46.0,24.0,97.0,97.0,7.0,4.0,0.0,581.0,218.0,56.0,108.0,507.0,3.0,9.0,21.0,1.0,2496.0,0.0,237.0,22.0,9.0,44.0,3.19,0.249,1844.0,41.0,76.0,5.0,2.0,0.0,0.0,0.0,0.0,,0,0,0,0,1
greinza01_2015,greinza01,2015,P,32,4301276.094247246,31799030.0,51.0,15.0,92.0,92.0,2.0,1.0,0.0,490.0,154.0,46.0,129.0,555.0,5.0,24.0,14.0,0.0,2381.0,0.0,166.0,21.0,7.0,48.0,2.3333333333333335,0.22266666666666665,1808.0,63.0,102.0,3.0,14.0,0.0,0.0,0.0,0.0,,0,0,1,1,1
priceda01_2015,priceda01,2015,P,30,4301276.094247246,30000000.0,43.0,25.0,93.0,93.0,10.0,1.0,0.0,598.0,219.0,58.0,112.0,647.0,3.0,12.0,11.0,0.0,2637.0,0.0,248.0,9.0,13.0,48.0,2.972,0.23620000000000002,1966.0,25.0,66.0,3.0,2.0,0.0,0.0,0.0,0.0,,0,0,0,0,1
anderbr04_2016,anderbr04,2016,P,28,4396409.603751466,,12.0,14.0,43.0,42.0,1.0,0.0,0.0,263.0,103.0,23.0,63.0,150.0,5.0,6.0,2.0,2.0,992.0,0.0,115.0,5.0,4.0,29.0,6.169999999999999,0.33033333333333337,705.0,4.0,55.0,0.0,1.0,0.0,0.0,0.0,0.0,,0,0,0,0,0
bailean01_2016,bailean01,2016,P,32,4396409.603751466,,3.0,2.0,55.0,0.0,0.0,0.0,6.0,50.0,31.0,9.0,22.0,47.0,1.0,3.0,2.0,1.0,231.0,17.0,34.0,3.0,5.0,2.0,4.656666666666667,0.24633333333333332,157.0,3.0,6.0,0.0,1.0,0.0,0.0,0.0,0.0,,0,0,0,0,0
belisma01_2016,belisma01,2016,P,36,4396409.603751466,,5.0,8.0,140.0,1.0,0.0,0.0,0.0,151.0,54.0,8.0,41.0,100.0,7.0,5.0,5.0,0.0,617.0,29.0,58.0,7.0,7.0,12.0,3.1,0.26733333333333337,433.0,8.0,22.0,1.0,1.0,0.0,0.0,0.0,0.0,,0,0,0,0,0
benoijo01_2016,benoijo01,2016,P,39,4396409.603751466,,13.0,8.0,171.0,0.0,0.0,0.0,14.0,101.0,41.0,15.0,61.0,179.0,4.0,6.0,4.0,1.0,663.0,34.0,44.0,5.0,5.0,7.0,2.3475,0.1825,503.0,4.0,17.0,2.0,0.0,0.0,0.0,0.0,0.0,,0,0,0,0,0
blantjo01_2016,blantjo01,2016,P,36,4396409.603751466,,14.0,4.0,111.0,4.0,0.0,0.0,2.0,124.0,46.0,14.0,42.0,159.0,9.0,5.0,3.0,0.0,624.0,28.0,49.0,1.0,6.0,9.0,2.6466666666666665,0.22166666666666668,468.0,9.0,15.0,1.0,1.0,0.0,0.0,0.0,0.0,,0,0,0,0,0
blevije01_2016,blevije01,2016,P,33,4396409.603751466,,7.0,5.0,144.0,0.0,0.0,0.0,2.0,84.0,44.0,7.0,38.0,122.0,9.0,3.0,2.0,0.0,433.0,34.0,45.0,5.0,6.0,3.0,2.5533333333333332,0.15266666666666667,313.0,2.0,9.0,1.0,0.0,0.0,0.0,0.0,0.0,,0,0,0,0,0
bonilli01_2016,bonilli01,2016,P,26,4396409.603751466,,3.0,0.0,5.0,3.0,0.0,0.0,0.0,13.0,7.0,2.0,12.0,17.0,1.0,1.0,1.0,0.0,83.0,0.0,8.0,0.0,0.0,4.0,3.05,0.186,62.0,3.0,1.0,0.0,0.0,0.0,0.0,0.0,0.0,,0,0,0,0,0
cahiltr01_2016,cahiltr01,2016,P,28,4396409.603751466,,8.0,19.0,108.0,21.0,0.0,0.0,1.0,216.0,115.0,20.0,106.0,207.0,6.0,10.0,11.0,0.0,970.0,30.0,125.0,9.0,4.0,21.0,4.4975000000000005,0.23975000000000002,659.0,17.0,34.0,3.0,1.0,0.0,0.0,0.0,0.0,,0,0,0,0,0
cashnan01_2016,cashnan01,2016,P,30,4396409.603751466,,16.0,34.0,78.0,77.0,2.0,2.0,0.0,452.0,201.0,45.0,155.0,370.0,8.0,8.0,14.0,0.0,1898.0,1.0,236.0,17.0,15.0,40.0,4.407500000000001,0.26975,1321.0,19.0,72.0,2.0,4.0,0.0,0.0,0.0,0.0,,0,0,0,0,0
garcija01_2016,garcija01,2016,P,36,4396409.603751466,,9.0,10.0,183.0,0.0,0.0,0.0,88.0,136.0,52.0,17.0,57.0,172.0,6.0,8.0,10.0,3.0,703.0,130.0,55.0,7.0,2.0,22.0,2.686666666666667,0.21599999999999997,523.0,8.0,22.0,1.0,3.0,0.0,0.0,0.0,0.0,,0,0,0,0,0
cecilbr01_2016,cecilbr01,2016,P,30,4396409.603751466,,8.0,15.0,183.0,0.0,0.0,0.0,10.0,124.0,47.0,12.0,48.0,191.0,7.0,5.0,5.0,0.0,605.0,49.0,50.0,2.0,4.0,9.0,3.0366666666666666,0.231,433.0,3.0,12.0,1.0,0.0,0.0,0.0,0.0,0.0,,0,0,0,0,0
chacijh01_2016,chacijh01,2016,P,28,4396409.603751466,,9.0,16.0,50.0,37.0,1.0,0.0,0.0,240.0,125.0,26.0,93.0,182.0,5.0,12.0,6.0,1.0,1015.0,5.0,130.0,7.0,9.0,18.0,4.715,0.26275000000000004,702.0,25.0,35.0,1.0,2.0,0.0,0.0,0.0,0.0,,0,0,0,0,0
chaveje01_2016,chaveje01,2016,P,33,4396409.603751466,,17.0,25.0,124.0,47.0,0.0,0.0,1.0,377.0,162.0,47.0,115.0,335.0,8.0,11.0,9.0,0.0,1575.0,17.0,178.0,5.0,11.0,34.0,4.1025,0.26675000000000004,1110.0,22.0,18.0,2.0,3.0,0.0,0.0,0.0,0.0,,0,0,0,0,0
collmjo01_2016,collmjo01,2016,P,30,4396409.603751466,,18.0,15.0,95.0,43.0,2.0,2.0,2.0,328.0,137.0,43.0,79.0,211.0,5.0,3.0,8.0,0.0,1391.0,31.0,145.0,13.0,11.0,29.0,3.615,0.24925,1025.0,33.0,40.0,0.0,1.0,0.0,0.0,0.0,0.0,,0,0,0,0,0
colonba01_2016,colonba01,2016,P,43,4396409.603751466,,44.0,34.0,98.0,95.0,1.0,1.0,0.0,635.0,255.0,71.0,86.0,415.0,10.0,2.0,12.0,0.0,2452.0,1.0,272.0,24.0,15.0,49.0,3.893333333333333,0.274,1766.0,32.0,99.0,11.0,13.0,0.0,0.0,0.0,0.0,,0,0,0,0,1
dickera01_2016,dickera01,2016,P,42,4396409.603751466,,35.0,39.0,97.0,96.0,3.0,0.0,0.0,555.0,266.0,79.0,198.0,425.0,3.0,19.0,31.0,3.0,2526.0,1.0,295.0,6.0,18.0,55.0,4.026666666666666,0.245,1799.0,31.0,79.0,3.0,7.0,0.0,0.0,0.0,0.0,,0,0,0,0,0
duensbr01_2016,duensbr01,2016,P,33,4396409.603751466,,8.0,4.0,131.0,0.0,0.0,0.0,1.0,111.0,49.0,13.0,44.0,67.0,7.0,6.0,5.0,0.0,493.0,23.0,50.0,3.0,3.0,13.0,3.8699999999999997,0.25266666666666665,349.0,3.0,23.0,1.0,2.0,0.0,0.0,0.0,0.0,,0,0,0,0,0
dunnmi01_2016,dunnmi01,2016,P,31,4396409.603751466,,18.0,12.0,198.0,0.0,0.0,0.0,1.0,136.0,63.0,15.0,62.0,170.0,2.0,6.0,9.0,0.0,656.0,29.0,68.0,5.0,4.0,7.0,3.686666666666667,0.23900000000000002,460.0,6.0,17.0,1.0,1.0,0.0,0.0,0.0,0.0,,0,0,0,0,0
eovalna01_2016,eovalna01,2016,P,26,4396409.603751466,,29.0,25.0,84.0,81.0,0.0,0.0,0.0,521.0,235.0,47.0,132.0,360.0,7.0,19.0,11.0,0.0,2052.0,2.0,245.0,13.0,9.0,39.0,4.443333333333333,0.27399999999999997,1436.0,37.0,65.0,2.0,4.0,0.0,0.0,0.0,0.0,,0,0,0,0,0
feldmsc01_2016,feldmsc01,2016,P,33,4396409.603751466,,20.0,21.0,87.0,52.0,2.0,1.0,0.0,387.0,156.0,39.0,96.0,224.0,9.0,14.0,14.0,1.0,1554.0,13.0,177.0,8.0,15.0,38.0,4.735,0.28825,1097.0,34.0,47.0,3.0,3.0,0.0,0.0,0.0,0.0,,0,0,0,0,0
felizne01_2016,felizne01,2016,P,28,4396409.603751466,,9.0,7.0,140.0,0.0,0.0,0.0,25.0,117.0,62.0,20.0,50.0,121.0,7.0,8.0,2.0,0.0,552.0,52.0,62.0,4.0,3.0,13.0,4.4275,0.24649999999999997,400.0,9.0,10.0,0.0,4.0,0.0,0.0,0.0,0.0,,0,0,0,0,0
fienca01_2016,fienca01,2016,P,33,4396409.603751466,,10.0,13.0,174.0,0.0,0.0,0.0,1.0,170.0,77.0,26.0,28.0,127.0,3.0,3.0,0.0,0.0,686.0,28.0,79.0,5.0,7.0,8.0,4.91,0.27675,498.0,15.0,18.0,0.0,1.0,0.0,0.0,0.0,0.0,,0,0,0,0,0
hammeja01_2016,hammeja01,2016,P,34,4396409.603751466,,35.0,28.0,91.0,90.0,0.0,0.0,0.0,460.0,210.0,71.0,137.0,474.0,6.0,25.0,23.0,0.0,2117.0,1.0,226.0,14.0,13.0,38.0,3.7025,0.23925,1541.0,41.0,59.0,5.0,4.0,0.0,0.0,0.0,0.0,,0,0,0,0,0
hillri01_2016,hillri01,2016,P,36,4396409.603751466,,14.0,6.0,40.0,24.0,1.0,1.0,0.0,98.0,33.0,6.0,44.0,174.0,1.0,1.0,11.0,0.0,574.0,2.0,36.0,1.0,2.0,12.0,1.83,0.362,434.0,5.0,19.0,3.0,1.0,0.0,0.0,0.0,0.0,,0,0,0,0,0
hollagr01_2016,hollagr01,2016,P,31,4396409.603751466,,4.0,5.0,113.0,0.0,0.0,0.0,78.0,76.0,29.0,5.0,46.0,139.0,1.0,16.0,0.0,0.0,433.0,100.0,33.0,4.0,2.0,6.0,2.635,0.20450000000000002,321.0,5.0,14.0,0.0,1.0,0.0,0.0,0.0,0.0,,0,0,0,0,1
hollade01_2016,hollade01,2016,P,30,4396409.603751466,,13.0,12.0,38.0,35.0,1.0,1.0,0.0,209.0,97.0,26.0,57.0,133.0,5.0,4.0,7.0,0.0,851.0,0.0,102.0,6.0,4.0,22.0,3.7733333333333334,0.26433333333333336,609.0,5.0,18.0,4.0,1.0,0.0,0.0,0.0,0.0,,0,0,0,0,0
howeljp01_2016,howeljp01,2016,P,33,4396409.603751466,,10.0,5.0,197.0,0.0,0.0,0.0,1.0,134.0,43.0,9.0,54.0,131.0,4.0,9.0,6.0,1.0,609.0,37.0,46.0,5.0,3.0,15.0,2.6366666666666667,0.24533333333333332,431.0,13.0,34.0,0.0,3.0,0.0,0.0,0.0,0.0,,0,0,0,0,0
hudsoda01_2016,hudsoda01,2016,P,29,4396409.603751466,,7.0,6.0,137.0,1.0,0.0,0.0,9.0,133.0,68.0,13.0,47.0,131.0,5.0,10.0,4.0,0.0,571.0,30.0,78.0,1.0,3.0,5.0,7.526666666666666,0.27399999999999997,392.0,10.0,10.0,3.0,1.0,0.0,0.0,0.0,0.0,,0,0,0,0,0
lockeje01_2016,lockeje01,2016,P,29,4396409.603751466,,24.0,25.0,81.0,70.0,1.0,1.0,0.0,457.0,218.0,48.0,144.0,291.0,10.0,13.0,14.0,0.0,1848.0,4.0,239.0,21.0,13.0,42.0,4.613333333333333,0.2763333333333333,1281.0,13.0,57.0,2.0,3.0,0.0,0.0,0.0,0.0,,0,0,0,0,0
loganbo02_2016,loganbo02,2016,P,32,4396409.603751466,,4.0,11.0,161.0,0.0,0.0,0.0,1.0,98.0,55.0,13.0,48.0,133.0,7.0,10.0,8.0,0.0,471.0,29.0,60.0,5.0,4.0,8.0,4.953333333333333,0.25200000000000006,320.0,1.0,17.0,2.0,1.0,0.0,0.0,0.0,0.0,,0,0,0,0,0
mcgowdu01_2016,mcgowdu01,2016,P,34,4396409.603751466,,7.0,8.0,122.0,9.0,0.0,0.0,2.0,158.0,77.0,27.0,86.0,145.0,9.0,7.0,5.0,0.0,751.0,36.0,88.0,0.0,4.0,15.0,4.6433333333333335,0.2503333333333333,517.0,8.0,21.0,1.0,3.0,0.0,0.0,0.0,0.0,,0,0,0,0,0
milonto01_2016,milonto01,2016,P,29,4396409.603751466,,18.0,14.0,65.0,56.0,0.0,0.0,1.0,340.0,155.0,48.0,95.0,215.0,6.0,6.0,7.0,1.0,1373.0,5.0,180.0,11.0,12.0,19.0,5.06,0.29175,948.0,17.0,46.0,1.0,2.0,0.0,0.0,0.0,0.0,,0,0,0,0,0
novaiv01_2016,novaiv01,2016,P,29,4396409.603751466,,20.0,21.0,53.0,47.0,3.0,0.0,1.0,306.0,147.0,42.0,67.0,202.0,1.0,16.0,18.0,0.0,1193.0,3.0,154.0,8.0,10.0,27.0,5.325,0.2975,830.0,15.0,21.0,4.0,4.0,0.0,0.0,0.0,0.0,,0,0,0,0,0
ondrulo01_2016,ondrulo01,2016,P,31,4396409.603751466,,3.0,3.0,47.0,0.0,0.0,0.0,0.0,59.0,32.0,6.0,19.0,46.0,1.0,3.0,1.0,0.0,218.0,11.0,33.0,2.0,1.0,1.0,7.72,0.32099999999999995,142.0,5.0,4.0,0.0,0.0,0.0,0.0,0.0,0.0,,0,0,0,0,0
pattosp01_2016,pattosp01,2016,P,28,4396409.603751466,,3.0,2.0,52.0,0.0,0.0,0.0,0.0,50.0,38.0,8.0,28.0,58.0,0.0,1.0,5.0,0.0,245.0,15.0,41.0,1.0,0.0,4.0,5.146666666666667,0.22533333333333336,165.0,5.0,5.0,0.0,2.0,0.0,0.0,0.0,0.0,,0,0,0,0,0
richacl01_2016,richacl01,2016,P,33,4396409.603751466,,7.0,6.0,59.0,12.0,0.0,0.0,1.0,128.0,43.0,7.0,38.0,63.0,4.0,7.0,3.0,0.0,487.0,9.0,53.0,0.0,3.0,16.0,4.26,0.309,330.0,7.0,31.0,4.0,1.0,0.0,0.0,0.0,0.0,,0,0,0,0,0
rodnefe01_2016,rodnefe01,2016,P,39,4396409.603751466,,10.0,15.0,204.0,0.0,0.0,0.0,89.0,174.0,79.0,17.0,94.0,208.0,9.0,15.0,16.0,1.0,846.0,137.0,87.0,8.0,3.0,19.0,3.0959999999999996,0.22359999999999997,583.0,6.0,20.0,2.0,0.0,0.0,0.0,0.0,0.0,,0,0,0,0,1
romose01_2016,romose01,2016,P,33,4396409.603751466,,7.0,9.0,174.0,0.0,0.0,0.0,29.0,120.0,52.0,17.0,29.0,163.0,5.0,7.0,5.0,0.0,577.0,62.0,53.0,4.0,0.0,9.0,3.1133333333333333,0.22466666666666665,438.0,9.0,15.0,1.0,0.0,0.0,0.0,0.0,0.0,,0,0,0,0,0
rossty01_2016,rossty01,2016,P,29,4396409.603751466,,23.0,27.0,65.0,65.0,3.0,1.0,0.0,346.0,139.0,22.0,157.0,412.0,5.0,27.0,19.0,0.0,1661.0,0.0,161.0,13.0,7.0,38.0,5.960000000000001,0.2806666666666667,1191.0,29.0,68.0,7.0,6.0,0.0,0.0,0.0,0.0,,0,0,0,0,1
rzepcma01_2016,rzepcma01,2016,P,31,4396409.603751466,,3.0,7.0,215.0,0.0,0.0,0.0,1.0,128.0,50.0,5.0,62.0,133.0,15.0,9.0,10.0,0.0,569.0,30.0,65.0,4.0,5.0,18.0,3.814,0.26339999999999997,386.0,11.0,12.0,7.0,1.0,0.0,0.0,0.0,0.0,,0,0,0,0,0
salasfe01_2016,salasfe01,2016,P,31,4396409.603751466,,13.0,9.0,204.0,0.0,0.0,0.0,6.0,174.0,84.0,25.0,45.0,199.0,10.0,5.0,4.0,1.0,801.0,48.0,88.0,9.0,7.0,10.0,3.5425,0.22549999999999998,588.0,12.0,24.0,0.0,2.0,0.0,0.0,0.0,0.0,,0,0,0,0,0
storedr01_2016,storedr01,2016,P,29,4396409.603751466,,8.0,6.0,180.0,0.0,0.0,0.0,43.0,145.0,58.0,13.0,40.0,161.0,6.0,6.0,15.0,1.0,680.0,67.0,61.0,5.0,3.0,9.0,3.5525,0.23375,489.0,7.0,19.0,0.0,0.0,0.0,0.0,0.0,0.0,,0,0,0,0,0
tazawju01_2016,tazawju01,2016,P,30,4396409.603751466,,9.0,12.0,185.0,0.0,0.0,0.0,3.0,170.0,70.0,19.0,44.0,174.0,3.0,18.0,2.0,1.0,716.0,30.0,74.0,1.0,3.0,10.0,3.723333333333333,0.255,514.0,5.0,13.0,4.0,5.0,0.0,0.0,0.0,0.0,,0,0,0,0,0
tollesh01_2016,tollesh01,2016,P,28,4396409.603751466,,11.0,7.0,174.0,0.0,0.0,0.0,46.0,175.0,77.0,27.0,55.0,174.0,12.0,5.0,3.0,0.0,762.0,82.0,80.0,4.0,5.0,11.0,4.476666666666667,0.26366666666666666,541.0,12.0,23.0,0.0,0.0,0.0,0.0,0.0,0.0,,0,0,0,0,0
ueharko01_2016,ueharko01,2016,P,41,4396409.603751466,,10.0,12.0,157.0,0.0,0.0,0.0,58.0,113.0,46.0,21.0,28.0,190.0,2.0,6.0,3.0,0.0,593.0,100.0,50.0,5.0,2.0,6.0,2.733333333333333,0.20133333333333336,455.0,6.0,13.0,1.0,0.0,0.0,0.0,0.0,0.0,,0,0,0,0,1
volqued01_2016,volqued01,2016,P,33,4396409.603751466,,36.0,27.0,100.0,98.0,2.0,0.0,0.0,573.0,257.0,56.0,219.0,434.0,8.0,23.0,29.0,1.0,2512.0,0.0,288.0,24.0,19.0,53.0,3.986666666666667,0.25733333333333336,1747.0,29.0,63.0,6.0,1.0,0.0,0.0,0.0,0.0,,0,0,0,0,0
weaveje02_2016,weaveje02,2016,P,34,4396409.603751466,,37.0,33.0,91.0,91.0,3.0,2.0,0.0,565.0,267.0,88.0,149.0,362.0,6.0,6.0,22.0,2.0,2324.0,0.0,277.0,11.0,12.0,36.0,4.43,0.26666666666666666,1651.0,31.0,48.0,6.0,1.0,0.0,0.0,0.0,0.0,,0,0,0,0,0
woodtr01_2016,woodtr01,2016,P,29,4396409.603751466,,17.0,17.0,162.0,40.0,0.0,0.0,4.0,321.0,160.0,39.0,139.0,311.0,8.0,4.0,9.0,0.0,1452.0,28.0,182.0,10.0,6.0,19.0,3.94,0.23500000000000001,1021.0,14.0,36.0,0.0,5.0,0.0,0.0,0.0,0.0,,0,0,0,0,0
zieglbr01_2016,zieglbr01,2016,P,37,4396409.603751466,,9.0,13.0,203.0,0.0,0.0,0.0,53.0,175.0,57.0,10.0,67.0,148.0,16.0,3.0,7.0,0.0,833.0,99.0,67.0,5.0,5.0,33.0,2.42,0.239,609.0,12.0,37.0,5.0,2.0,0.0,0.0,0.0,0.0,,0,0,0,0,0
melanma01_2016,melanma01,2016,P,31,4396409.603751466,,8.0,9.0,225.0,0.0,0.0,0.0,131.0,160.0,47.0,9.0,37.0,198.0,3.0,10.0,6.0,0.0,840.0,178.0,53.0,2.0,4.0,16.0,1.865,0.20224999999999999,657.0,22.0,35.0,2.0,2.0,0.0,0.0,0.0,0.0,,0,0,0,0,1
chapmar01_2016,chapmar01,2016,P,28,4396409.603751466,,8.0,8.0,178.0,0.0,0.0,0.0,105.0,96.0,34.0,6.0,75.0,312.0,1.0,19.0,7.0,1.0,702.0,150.0,37.0,1.0,4.0,4.0,1.6624999999999999,0.15325,535.0,7.0,9.0,0.0,0.0,0.0,0.0,0.0,0.0,,0,0,0,0,1
janseke01_2016,janseke01,2016,P,29,4396409.603751466,,7.0,6.0,193.0,0.0,0.0,0.0,127.0,123.0,48.0,15.0,38.0,285.0,4.0,3.0,4.0,0.0,719.0,170.0,48.0,4.0,5.0,2.0,2.3333333333333335,0.18333333333333335,559.0,9.0,5.0,3.0,1.0,0.0,0.0,0.0,0.0,,0,0,0,0,1
alberma01_2017,alberma01,2017,P,34,,,11.0,8.0,151.0,1.0,0.0,0.0,2.0,133.0,52.0,19.0,45.0,121.0,3.0,4.0,8.0,0.0,619.0,39.0,62.0,3.0,6.0,14.0,3.046666666666667,0.23833333333333337,449.0,6.0,21.0,3.0,3.0,0.0,0.0,0.0,0.0,,0,0,0,0,0
alvarda01_2017,alvarda01,2017,P,28,,,6.0,1.0,52.0,0.0,0.0,0.0,0.0,52.0,25.0,9.0,22.0,60.0,2.0,7.0,6.0,2.0,214.0,12.0,29.0,1.0,3.0,6.0,6.4350000000000005,0.29675,140.0,0.0,3.0,0.0,0.0,0.0,0.0,0.0,0.0,,0,0,0,0,0
barneto01_2017,barneto01,2017,P,34,,,9.0,4.0,103.0,0.0,0.0,0.0,2.0,118.0,49.0,11.0,38.0,106.0,5.0,10.0,6.0,0.0,498.0,16.0,52.0,1.0,8.0,17.0,3.79,0.265,353.0,12.0,5.0,0.0,0.0,0.0,0.0,0.0,0.0,,0,0,0,0,0
benoijo01_2017,benoijo01,2017,P,40,,,10.0,12.0,170.0,0.0,0.0,0.0,5.0,116.0,58.0,19.0,69.0,161.0,3.0,4.0,4.0,0.0,671.0,30.0,62.0,3.0,4.0,8.0,3.9059999999999997,0.2218,491.0,5.0,17.0,2.0,0.0,0.0,0.0,0.0,0.0,,0,0,0,0,0
cashnan01_2017,cashnan01,2017,P,31,,,22.0,38.0,87.0,86.0,0.0,0.0,0.0,498.0,229.0,53.0,190.0,363.0,5.0,16.0,22.0,1.0,2096.0,1.0,269.0,16.0,16.0,59.0,4.62,0.2735,1450.0,20.0,73.0,1.0,4.0,0.0,0.0,0.0,0.0,,0,0,0,0,0
chacijh01_2017,chacijh01,2017,P,29,,,21.0,19.0,71.0,58.0,1.0,0.0,0.0,334.0,165.0,37.0,137.0,293.0,9.0,15.0,19.0,2.0,1508.0,5.0,174.0,11.0,12.0,28.0,4.3375,0.25525,1053.0,24.0,59.0,1.0,6.0,0.0,0.0,0.0,0.0,,0,0,0,0,0
chatwty01_2017,chatwty01,2017,P,28,,,20.0,24.0,60.0,52.0,1.0,1.0,1.0,283.0,145.0,35.0,147.0,237.0,4.0,19.0,9.0,2.0,1300.0,3.0,154.0,6.0,6.0,45.0,4.28,0.25,917.0,19.0,59.0,2.0,5.0,0.0,0.0,0.0,0.0,,0,0,0,0,0
chaveje01_2017,chaveje01,2017,P,34,,,16.0,28.0,130.0,47.0,0.0,0.0,1.0,383.0,188.0,58.0,111.0,318.0,7.0,5.0,6.0,0.0,1540.0,18.0,197.0,4.0,9.0,31.0,4.577500000000001,0.2725,1086.0,15.0,25.0,2.0,1.0,0.0,0.0,0.0,0.0,,0,0,0,0,0
cishest01_2017,cishest01,2017,P,31,,,9.0,14.0,170.0,0.0,0.0,0.0,30.0,125.0,52.0,15.0,62.0,165.0,6.0,8.0,8.0,1.0,675.0,74.0,57.0,2.0,3.0,15.0,2.7720000000000002,0.20580000000000004,492.0,6.0,20.0,6.0,1.0,0.0,0.0,0.0,0.0,,0,0,0,0,0
cobbal01_2017,cobbal01,2017,P,30,,,13.0,12.0,34.0,34.0,0.0,0.0,0.0,207.0,94.0,27.0,51.0,144.0,2.0,8.0,6.0,1.0,846.0,0.0,100.0,3.0,2.0,17.0,6.125,0.2955,604.0,16.0,32.0,4.0,1.0,0.0,0.0,0.0,0.0,,0,0,0,0,0
duensbr01_2017,duensbr01,2017,P,34,,,6.0,2.0,137.0,0.0,0.0,0.0,1.0,117.0,48.0,13.0,42.0,95.0,6.0,6.0,6.0,0.0,521.0,25.0,49.0,3.0,1.0,14.0,3.68,0.25,373.0,13.0,21.0,1.0,2.0,0.0,0.0,0.0,0.0,,0,0,0,0,0
dukeza01_2017,dukeza01,2017,P,34,,,6.0,8.0,179.0,0.0,0.0,0.0,3.0,108.0,47.0,14.0,67.0,146.0,9.0,6.0,9.0,0.0,587.0,28.0,50.0,5.0,2.0,18.0,2.975,0.21125,420.0,11.0,21.0,2.0,2.0,0.0,0.0,0.0,0.0,,0,0,0,0,0
fiersmi01_2017,fiersmi01,2017,P,32,,,26.0,28.0,91.0,88.0,1.0,1.0,0.0,506.0,247.0,82.0,168.0,460.0,5.0,36.0,26.0,1.0,2156.0,0.0,267.0,9.0,14.0,30.0,4.2275,0.2505,1507.0,39.0,39.0,7.0,1.0,0.0,0.0,0.0,0.0,,0,0,0,0,0
fistedo01_2017,fistedo01,2017,P,33,,,22.0,29.0,75.0,62.0,1.0,0.0,1.0,402.0,190.0,47.0,124.0,261.0,7.0,13.0,16.0,1.0,1620.0,5.0,209.0,10.0,13.0,34.0,4.57,0.27499999999999997,1121.0,27.0,46.0,6.0,3.0,0.0,0.0,0.0,0.0,,0,0,0,0,0
gallayo01_2017,gallayo01,2017,P,31,,,24.0,29.0,84.0,78.0,0.0,0.0,1.0,457.0,224.0,55.0,189.0,300.0,5.0,23.0,4.0,0.0,1897.0,4.0,234.0,6.0,12.0,43.0,4.853333333333333,0.27166666666666667,1299.0,29.0,52.0,1.0,4.0,0.0,0.0,0.0,0.0,,0,0,0,0,0
garcija02_2017,garcija02,2017,P,31,,,25.0,29.0,79.0,77.0,1.0,1.0,0.0,442.0,201.0,50.0,151.0,376.0,8.0,20.0,11.0,3.0,1924.0,0.0,217.0,12.0,9.0,56.0,4.054,0.26639999999999997,1375.0,13.0,86.0,7.0,4.0,0.0,0.0,0.0,0.0,,0,0,0,0,0
gregelu01_2017,gregelu01,2017,P,33,,,13.0,9.0,188.0,0.0,0.0,0.0,47.0,148.0,73.0,23.0,48.0,196.0,8.0,12.0,4.0,1.0,732.0,91.0,78.0,3.0,3.0,11.0,3.65,0.21766666666666667,539.0,14.0,43.0,0.0,5.0,0.0,0.0,0.0,0.0,,0,0,0,0,0
hernada01_2017,hernada01,2017,P,32,,,7.0,10.0,174.0,0.0,0.0,0.0,3.0,158.0,66.0,21.0,52.0,165.0,5.0,12.0,6.0,0.0,680.0,38.0,69.0,3.0,3.0,14.0,3.7925000000000004,0.25425000000000003,484.0,10.0,11.0,1.0,0.0,0.0,0.0,0.0,0.0,,0,0,0,0,0
hollagr01_2017,hollagr01,2017,P,32,,,6.0,8.0,109.0,0.0,0.0,0.0,73.0,79.0,42.0,9.0,52.0,119.0,2.0,14.0,1.0,0.0,428.0,98.0,44.0,3.0,2.0,9.0,3.7199999999999998,0.216,306.0,8.0,12.0,1.0,1.0,0.0,0.0,0.0,0.0,,0,0,0,0,1
hugheja02_2017,hugheja02,2017,P,32,,,9.0,5.0,210.0,0.0,0.0,0.0,2.0,181.0,57.0,13.0,65.0,118.0,10.0,14.0,18.0,0.0,785.0,44.0,66.0,12.0,6.0,30.0,2.776666666666667,0.2633333333333333,558.0,14.0,40.0,3.0,3.0,0.0,0.0,0.0,0.0,,0,0,0,0,0
hunteto02_2017,hunteto02,2017,P,31,,,9.0,9.0,152.0,0.0,0.0,0.0,2.0,139.0,57.0,14.0,36.0,134.0,3.0,4.0,4.0,0.0,616.0,36.0,60.0,2.0,3.0,15.0,3.582,0.263,459.0,11.0,10.0,2.0,1.0,0.0,0.0,0.0,0.0,,0,0,0,0,0
kintzbr01_2017,kintzbr01,2017,P,33,,,4.0,6.0,133.0,0.0,0.0,0.0,46.0,137.0,48.0,11.0,29.0,81.0,3.0,2.0,5.0,0.0,548.0,85.0,53.0,1.0,2.0,19.0,3.955,0.2905,398.0,11.0,32.0,0.0,2.0,0.0,0.0,0.0,0.0,,0,0,0,0,1
koehlto01_2017,koehlto01,2017,P,31,,,21.0,34.0,92.0,77.0,0.0,0.0,0.0,439.0,224.0,60.0,195.0,346.0,13.0,12.0,18.0,0.0,1908.0,0.0,244.0,15.0,11.0,40.0,4.744999999999999,0.265,1310.0,20.0,34.0,8.0,2.0,0.0,0.0,0.0,0.0,,0,0,0,0,0
leblawa01_2017,leblawa01,2017,P,33,,,9.0,2.0,69.0,8.0,0.0,0.0,3.0,123.0,60.0,24.0,28.0,105.0,1.0,2.0,1.0,0.0,535.0,25.0,65.0,1.0,3.0,9.0,3.25,0.22633333333333336,390.0,6.0,12.0,0.0,0.0,0.0,0.0,0.0,0.0,,0,0,0,0,0
liriafr01_2017,liriafr01,2017,P,34,,,26.0,27.0,100.0,78.0,0.0,0.0,0.0,417.0,216.0,52.0,208.0,458.0,4.0,24.0,18.0,2.0,1943.0,3.0,239.0,11.0,10.0,54.0,4.4079999999999995,0.2516,1340.0,9.0,54.0,5.0,5.0,0.0,0.0,0.0,0.0,,0,0,0,0,0
loganbo02_2017,loganbo02,2017,P,33,,,3.0,8.0,164.0,0.0,0.0,0.0,1.0,87.0,47.0,9.0,46.0,129.0,6.0,7.0,8.0,0.0,446.0,25.0,53.0,4.0,2.0,8.0,4.243333333333333,0.232,308.0,1.0,15.0,1.0,1.0,0.0,0.0,0.0,0.0,,0,0,0,0,0
lylesjo01_2017,lylesjo01,2017,P,27,,,7.0,15.0,88.0,20.0,0.0,0.0,1.0,219.0,126.0,22.0,69.0,117.0,4.0,11.0,11.0,0.0,809.0,19.0,139.0,6.0,4.0,25.0,6.825,0.31,532.0,8.0,19.0,2.0,3.0,0.0,0.0,0.0,0.0,,0,0,0,0,0
martini01_2017,martini01,2017,P,27,,,12.0,18.0,59.0,44.0,0.0,0.0,0.0,304.0,149.0,50.0,93.0,160.0,3.0,7.0,20.0,0.0,1215.0,5.0,164.0,3.0,6.0,31.0,5.07,0.281,825.0,17.0,25.0,6.0,3.0,0.0,0.0,0.0,0.0,,0,0,0,0,0
mcfartj01_2017,mcfartj01,2017,P,28,,,8.0,9.0,89.0,1.0,0.0,0.0,0.0,150.0,73.0,11.0,45.0,62.0,13.0,6.0,4.0,0.0,541.0,31.0,87.0,2.0,6.0,22.0,5.723333333333334,0.3153333333333333,357.0,5.0,22.0,0.0,3.0,0.0,0.0,0.0,0.0,,0,0,0,0,0
mcgeeja01_2017,mcgeeja01,2017,P,31,,,3.0,7.0,158.0,0.0,0.0,0.0,24.0,130.0,57.0,16.0,40.0,144.0,2.0,10.0,5.0,0.0,581.0,44.0,59.0,1.0,2.0,12.0,3.5833333333333335,0.24066666666666667,421.0,5.0,6.0,0.0,0.0,0.0,0.0,0.0,0.0,,0,0,0,0,0
minormi01_2017,minormi01,2017,P,30,,,6.0,6.0,65.0,0.0,0.0,0.0,6.0,57.0,22.0,5.0,22.0,88.0,3.0,5.0,1.0,0.0,307.0,13.0,23.0,3.0,1.0,7.0,2.55,0.204,233.0,1.0,9.0,0.0,1.0,0.0,0.0,0.0,0.0,,0,0,0,0,0
morrobr01_2017,morrobr01,2017,P,33,,,9.0,0.0,68.0,5.0,0.0,0.0,2.0,79.0,23.0,5.0,19.0,81.0,2.0,2.0,1.0,0.0,364.0,12.0,24.0,3.0,2.0,10.0,2.16,0.24933333333333332,278.0,6.0,6.0,0.0,1.0,0.0,0.0,0.0,0.0,,0,0,0,0,0
moylape01_2017,moylape01,2017,P,39,,,3.0,0.0,151.0,0.0,0.0,0.0,0.0,94.0,44.0,9.0,41.0,88.0,3.0,4.0,7.0,1.0,478.0,20.0,50.0,1.0,6.0,14.0,3.466666666666667,0.2376666666666667,343.0,5.0,28.0,4.0,3.0,0.0,0.0,0.0,0.0,,0,0,0,0,0
neshepa01_2017,neshepa01,2017,P,37,,,10.0,11.0,197.0,0.0,0.0,0.0,2.0,130.0,49.0,17.0,29.0,163.0,8.0,2.0,2.0,0.0,643.0,24.0,55.0,8.0,4.0,9.0,2.5625,0.21700000000000003,492.0,7.0,19.0,2.0,1.0,0.0,0.0,0.0,0.0,,0,0,0,0,1
nicasju01_2017,nicasju01,2017,P,31,,,16.0,15.0,181.0,13.0,0.0,0.0,7.0,234.0,105.0,21.0,97.0,275.0,11.0,6.0,10.0,0.0,1064.0,36.0,111.0,9.0,7.0,18.0,2.57,0.192,746.0,19.0,27.0,3.0,2.0,0.0,0.0,0.0,0.0,,0,0,0,0,0
norribu01_2017,norribu01,2017,P,32,,,11.0,27.0,133.0,33.0,0.0,0.0,19.0,272.0,155.0,37.0,107.0,247.0,7.0,15.0,10.0,0.0,1139.0,43.0,164.0,6.0,5.0,22.0,5.486,0.26539999999999997,774.0,15.0,19.0,5.0,1.0,0.0,0.0,0.0,0.0,,0,0,0,0,0
ohse01_2017,ohse01,2017,P,35,,,7.0,9.0,138.0,0.0,0.0,0.0,39.0,123.0,44.0,15.0,33.0,157.0,12.0,4.0,5.0,0.0,577.0,73.0,51.0,5.0,5.0,6.0,3.01,0.2375,417.0,4.0,12.0,1.0,1.0,0.0,0.0,0.0,0.0,,0,0,0,0,0
peralwi01_2017,peralwi01,2017,P,28,,,17.0,25.0,62.0,51.0,0.0,0.0,0.0,355.0,176.0,43.0,112.0,205.0,5.0,10.0,8.0,1.0,1301.0,4.0,184.0,11.0,10.0,29.0,5.81,0.3073333333333333,881.0,18.0,38.0,5.0,3.0,0.0,0.0,0.0,0.0,,0,0,0,0,0
petityu01_2017,petityu01,2017,P,33,,,9.0,8.0,138.0,3.0,0.0,0.0,6.0,211.0,90.0,32.0,48.0,209.0,9.0,6.0,2.0,1.0,935.0,41.0,97.0,5.0,8.0,9.0,3.643333333333333,0.245,688.0,12.0,17.0,2.0,0.0,0.0,0.0,0.0,0.0,,0,0,0,0,0
pinedmi01_2017,pinedmi01,2017,P,28,,,26.0,26.0,76.0,76.0,1.0,0.0,0.0,463.0,219.0,68.0,95.0,455.0,1.0,16.0,11.0,1.0,1834.0,0.0,236.0,4.0,13.0,25.0,4.526666666666667,0.271,1298.0,24.0,55.0,5.0,3.0,0.0,0.0,0.0,0.0,,0,0,0,0,0
reedad01_2017,reedad01,2017,P,29,,,9.0,8.0,212.0,0.0,0.0,0.0,24.0,183.0,62.0,18.0,47.0,218.0,13.0,8.0,1.0,0.0,851.0,59.0,63.0,5.0,4.0,7.0,2.648,0.2232,629.0,8.0,11.0,0.0,2.0,0.0,0.0,0.0,0.0,,0,0,0,0,0
rodnefe01_2017,rodnefe01,2017,P,40,,,14.0,13.0,196.0,0.0,0.0,0.0,80.0,153.0,84.0,17.0,92.0,197.0,9.0,18.0,15.0,1.0,791.0,126.0,92.0,6.0,3.0,16.0,3.372,0.21480000000000002,550.0,3.0,15.0,1.0,0.0,0.0,0.0,0.0,0.0,,0,0,0,0,1
romose01_2017,romose01,2017,P,34,,,4.0,6.0,165.0,0.0,0.0,0.0,6.0,119.0,50.0,17.0,36.0,163.0,5.0,7.0,2.0,1.0,571.0,39.0,52.0,2.0,1.0,9.0,3.3025,0.22225,431.0,7.0,13.0,0.0,0.0,0.0,0.0,0.0,0.0,,0,0,0,0,0
rondohe01_2017,rondohe01,2017,P,29,,,12.0,8.0,187.0,0.0,0.0,0.0,48.0,147.0,60.0,22.0,43.0,196.0,2.0,11.0,6.0,1.0,718.0,96.0,69.0,5.0,3.0,12.0,3.1466666666666665,0.22333333333333336,535.0,20.0,21.0,0.0,2.0,0.0,0.0,0.0,0.0,,0,0,0,0,0
rosentr01_2017,rosentr01,2017,P,27,,,7.0,12.0,163.0,0.0,0.0,0.0,73.0,147.0,54.0,9.0,74.0,215.0,3.0,9.0,6.0,0.0,686.0,100.0,58.0,3.0,3.0,9.0,3.3200000000000003,0.24699999999999997,470.0,3.0,10.0,0.0,0.0,0.0,0.0,0.0,0.0,,0,0,0,0,1
sabatcc01_2017,sabatcc01,2017,P,37,,,29.0,27.0,86.0,86.0,1.0,0.0,0.0,499.0,227.0,71.0,165.0,409.0,5.0,12.0,20.0,2.0,2117.0,0.0,239.0,12.0,8.0,51.0,4.11,0.2603333333333333,1487.0,7.0,44.0,6.0,2.0,0.0,0.0,0.0,0.0,,0,0,0,0,0
shawbr01_2017,shawbr01,2017,P,30,,,9.0,14.0,228.0,0.0,0.0,0.0,6.0,186.0,75.0,21.0,69.0,196.0,7.0,8.0,2.0,0.0,852.0,44.0,86.0,4.0,2.0,32.0,3.236666666666667,0.23966666666666667,622.0,18.0,20.0,2.0,2.0,0.0,0.0,0.0,0.0,,0,0,0,0,0
simmosh01_2017,simmosh01,2017,P,27,,,0.0,2.0,16.0,0.0,0.0,0.0,0.0,10.0,7.0,1.0,4.0,11.0,0.0,1.0,0.0,0.0,55.0,5.0,7.0,0.0,2.0,4.0,4.195,0.20350000000000001,43.0,1.0,1.0,1.0,0.0,0.0,0.0,0.0,0.0,,0,0,0,0,0
smylydr01_2017,smylydr01,2017,P,28,,,12.0,14.0,42.0,42.0,0.0,0.0,0.0,232.0,118.0,43.0,69.0,244.0,2.0,12.0,3.0,0.0,1013.0,0.0,127.0,6.0,12.0,12.0,3.995,0.2445,726.0,7.0,30.0,2.0,1.0,0.0,0.0,0.0,0.0,,0,0,0,0,0
stammcr01_2017,stammcr01,2017,P,33,,,2.0,3.0,65.0,0.0,0.0,0.0,0.0,70.0,28.0,12.0,31.0,77.0,4.0,2.0,2.0,0.0,346.0,9.0,29.0,2.0,1.0,12.0,1.57,0.1915,253.0,2.0,15.0,1.0,1.0,0.0,0.0,0.0,0.0,,0,0,0,0,0
swarzan01_2017,swarzan01,2017,P,32,,,7.0,6.0,106.0,0.0,0.0,0.0,2.0,104.0,44.0,17.0,33.0,135.0,5.0,3.0,3.0,0.0,488.0,15.0,49.0,1.0,4.0,10.0,3.4025,0.24424999999999997,365.0,3.0,7.0,0.0,0.0,0.0,0.0,0.0,0.0,,0,0,0,0,0
tillmch01_2017,tillmch01,2017,P,29,,,28.0,24.0,85.0,80.0,0.0,0.0,0.0,456.0,249.0,63.0,181.0,323.0,2.0,24.0,16.0,0.0,1900.0,1.0,256.0,6.0,14.0,46.0,5.533333333333334,0.2783333333333333,1314.0,18.0,35.0,4.0,1.0,0.0,0.0,0.0,0.0,,0,0,0,0,0
vargaja01_2017,vargaja01,2017,P,34,,,23.0,13.0,44.0,44.0,1.0,1.0,0.0,235.0,105.0,33.0,73.0,172.0,2.0,6.0,6.0,1.0,986.0,0.0,107.0,2.0,6.0,28.0,3.4633333333333334,0.23900000000000002,704.0,11.0,30.0,0.0,3.0,0.0,0.0,0.0,0.0,,0,0,0,0,1
watsoto01_2017,watsoto01,2017,P,32,,,13.0,10.0,218.0,0.0,0.0,0.0,26.0,179.0,64.0,22.0,57.0,173.0,9.0,1.0,12.0,0.0,856.0,54.0,69.0,10.0,8.0,27.0,2.8325,0.23325,629.0,12.0,32.0,1.0,5.0,0.0,0.0,0.0,0.0,,0,0,0,0,0
youngch03_2017,youngch03,2017,P,38,,,14.0,15.0,82.0,33.0,0.0,0.0,1.0,242.0,128.0,51.0,100.0,199.0,3.0,9.0,2.0,0.0,1054.0,15.0,134.0,4.0,6.0,7.0,5.583333333333333,0.282,726.0,5.0,19.0,2.0,0.0,0.0,0.0,0.0,0.0,,0,0,0,0,0
lynnla01_2017,lynnla01,2017,P,30,,,23.0,19.0,64.0,64.0,0.0,0.0,0.0,323.0,130.0,40.0,146.0,320.0,10.0,4.0,15.0,0.0,1527.0,0.0,146.0,18.0,5.0,36.0,3.23,0.2405,1085.0,21.0,31.0,4.0,3.0,0.0,0.0,0.0,0.0,,0,0,0,0,0
daviswa01_2017,daviswa01,2017,P,32,,,14.0,4.0,173.0,0.0,0.0,0.0,76.0,105.0,31.0,9.0,64.0,204.0,2.0,12.0,6.0,0.0,669.0,120.0,33.0,1.0,2.0,14.0,1.7033333333333331,0.18000000000000002,508.0,12.0,20.0,1.0,1.0,0.0,0.0,0.0,0.0,,0,0,0,0,1
arrieja01_2017,arrieja01,2017,P,31,,,54.0,24.0,94.0,94.0,5.0,4.0,0.0,438.0,179.0,49.0,179.0,589.0,6.0,36.0,22.0,0.0,2372.0,0.0,206.0,7.0,6.0,42.0,2.8000000000000003,0.20466666666666666,1784.0,60.0,115.0,9.0,13.0,0.0,0.0,0.0,0.0,,1,0,0,1,1
darviyu01_2017,darviyu01,2017,P,31,,,17.0,17.0,48.0,48.0,0.0,0.0,0.0,240.0,118.0,39.0,89.0,341.0,2.0,18.0,9.0,1.0,1182.0,0.0,126.0,2.0,7.0,17.0,3.6199999999999997,0.22466666666666665,861.0,11.0,27.0,1.0,5.0,0.0,0.0,0.0,0.0,,0,0,0,0,1
