row_id,playerID,year,position,age,avg_salary_year,free_agent_salary,AB,R,H,2B,3B,HR,RBI,SB,CS,BB,SO,IBB,HBP,SH,SF,GIDP,InnOuts,PO,A,E,DP,PB,WP,SB,CS,ZR,won_cy_young,won_mvp,won_gold_glove,won_silver_slugger,all_star
ankieri01_2010,ankieri01,2010,OF,31,3278746.825301205,1500000.0,996,146,244,55,5,42,133,9,5,94,270,9,10,0,7,16,6688.0,580.0,14.0,17.0,5.0,0.0,0.0,0.0,0.0,,0,0,0,0,0
barajro01_2010,barajro01,2010,C,35,3278746.825301205,3250000.0,1091,126,259,56,0,47,167,1,0,50,191,8,16,4,15,19,7688.0,2188.0,134.0,15.0,21.0,11.0,0.0,129.0,55.0,,0,0,0,0,0
beltrad01_2010,beltrad01,2010,3B,31,3278746.825301205,16000000.0,1594,212,456,105,3,61,223,23,5,109,246,21,14,0,13,55,10618.0,341.0,781.0,47.0,77.0,0.0,0.0,0.0,0.0,,0,0,1,1,1
berkmla01_2010,berkmla01,2010,1B,34,3278746.825301205,8000000.0,1418,235,399,100,6,68,244,28,10,273,291,39,8,0,9,44,9744.0,3097.0,322.0,13.0,312.0,0.0,0.0,0.0,0.0,,0,0,0,0,1
blumge01_2010,blumge01,2010,1B,37,3278746.825301205,1350000.0,908,92,226,38,3,26,124,1,3,69,148,8,11,0,13,17,5859.0,304.0,429.0,13.0,51.0,0.0,0.0,0.0,0.0,,0,0,0,0,0
buckjo01_2010,buckjo01,2010,C,30,3278746.825301205,6000000.0,965,117,244,60,5,37,150,1,4,67,262,3,13,1,11,20,6750.0,1793.0,78.0,21.0,16.0,10.0,0.0,147.0,38.0,,0,0,0,0,1
burrepa01_2010,burrepa01,2010,OF,34,3278746.825301205,1000000.0,1321,169,319,70,4,67,214,2,2,216,360,14,4,0,17,23,5518.0,325.0,16.0,4.0,1.0,0.0,0.0,0.0,0.0,,0,0,0,0,0
cabreor01_2010,cabreor01,2010,SS,36,3278746.825301205,1000000.0,1811,240,502,102,4,21,176,43,14,120,195,2,4,14,26,49,11427.0,665.0,1200.0,52.0,259.0,0.0,0.0,0.0,0.0,,0,0,0,0,0
cabreme01_2010,cabreme01,2010,OF,26,3278746.825301205,1250000.0,1357,158,353,67,5,25,147,26,5,114,181,20,8,13,10,34,9801.0,797.0,18.0,11.0,4.0,0.0,0.0,0.0,0.0,,0,0,0,0,0
cairomi01_2010,cairomi01,2010,2B,36,3278746.825301205,1000000.0,466,70,125,28,3,5,53,9,2,35,66,0,9,9,4,11,2913.0,564.0,110.0,5.0,72.0,0.0,0.0,0.0,0.0,,0,0,0,0,0
cantujo01_2010,cantujo01,2010,1B,28,3278746.825301205,850000.0,1685,209,464,112,1,56,251,9,3,116,287,11,22,1,19,45,10628.0,1509.0,456.0,51.0,171.0,0.0,0.0,0.0,0.0,,0,0,0,0,0
counscr01_2010,counscr01,2010,2B,40,3278746.825301205,1400000.0,856,108,222,44,9,7,74,7,6,109,125,1,12,7,7,17,5312.0,263.0,534.0,14.0,110.0,0.0,0.0,0.0,0.0,,0,0,0,0,0
crawfca02_2010,crawfca02,2010,OF,29,3278746.825301205,19738071.166666668,1649,275,490,70,31,42,215,132,33,127,263,5,13,5,15,19,10412.0,866.0,15.0,10.0,1.0,0.0,0.0,0.0,0.0,,0,0,1,1,1
damonjo01_2010,damonjo01,2010,OF,37,3278746.825301205,5250000.0,1644,283,469,99,13,49,204,52,9,204,270,3,5,6,3,19,6994.0,510.0,11.0,9.0,3.0,0.0,0.0,0.0,0.0,,0,0,0,0,0
diazma02_2010,diazma02,2010,OF,32,3278746.825301205,2125000.0,730,92,205,37,6,22,103,19,8,51,166,5,18,7,3,24,4753.0,309.0,5.0,6.0,1.0,0.0,0.0,0.0,0.0,,0,0,0,0,0
dunnad01_2010,dunnad01,2010,1B,31,3278746.825301205,14000000.0,1621,245,413,88,2,116,308,2,3,315,540,39,20,0,11,25,11287.0,2238.0,144.0,40.0,197.0,0.0,0.0,0.0,0.0,,0,0,0,0,0
gibboja01_2010,gibboja01,2010,1B,33,3278746.825301205,650000.0,75,11,21,2,0,5,17,0,1,4,14,0,0,0,1,2,373.0,41.0,3.0,1.0,1.0,0.0,0.0,0.0,0.0,,0,0,0,0,0
hairsje02_2010,hairsje02,2010,2B,34,3278746.825301205,2000000.0,1074,162,286,56,5,26,125,31,13,86,144,2,14,20,12,8,7177.0,472.0,514.0,24.0,100.0,0.0,0.0,0.0,0.0,,0,0,0,0,0
hairssc01_2010,hairssc01,2010,OF,30,3278746.825301205,1100000.0,1051,126,257,55,5,44,131,20,5,84,236,3,12,4,11,14,6701.0,552.0,11.0,8.0,2.0,0.0,0.0,0.0,0.0,,0,0,0,0,0
hernara02_2010,hernara02,2010,1B,34,3278746.825301205,2947318.0,1063,104,286,53,3,27,150,1,0,94,145,6,13,8,12,24,7521.0,1930.0,132.0,18.0,46.0,12.0,0.0,167.0,60.0,,0,0,0,0,0
izturce01_2010,izturce01,2010,SS,30,3278746.825301205,1500000.0,1274,126,317,37,8,4,82,47,15,72,117,2,15,14,4,28,9605.0,556.0,1092.0,28.0,225.0,0.0,0.0,0.0,0.0,,0,0,0,0,0
jonesan01_2010,jonesan01,2010,OF,33,3278746.825301205,1500000.0,768,105,157,38,2,39,105,14,4,117,221,3,6,0,6,27,3924.0,331.0,10.0,4.0,8.0,0.0,0.0,0.0,0.0,,0,0,0,0,0
kearnau01_2010,kearnau01,2010,OF,30,3278746.825301205,1300000.0,890,115,208,37,3,20,98,7,4,113,230,3,23,0,3,39,6145.0,499.0,10.0,8.0,1.0,0.0,0.0,0.0,0.0,,0,0,0,0,0
konerpa01_2010,konerpa01,2010,1B,34,3278746.825301205,12167168.666666666,1532,223,427,79,3,89,261,3,1,195,279,15,22,0,17,41,9717.0,3238.0,237.0,18.0,330.0,0.0,0.0,0.0,0.0,,0,0,0,0,1
kotsama01_2010,kotsama01,2010,OF,35,3278746.825301205,800000.0,916,91,241,51,6,18,103,6,9,79,102,9,0,2,4,29,4955.0,831.0,52.0,2.0,53.0,0.0,0.0,0.0,0.0,,0,0,0,0,0
lairdge01_2010,lairdge01,2010,C,31,3278746.825301205,1000000.0,1027,125,244,58,2,15,99,10,5,81,188,2,19,20,10,23,7575.0,1884.0,168.0,16.0,20.0,20.0,0.0,170.0,93.0,,0,0,0,0,0
leede02_2010,leede02,2010,1B,35,3278746.825301205,7250000.0,1702,264,486,112,5,74,281,10,5,220,362,10,5,0,12,62,11334.0,3348.0,320.0,22.0,307.0,0.0,0.0,0.0,0.0,,0,0,0,0,0
martiru01_2010,martiru01,2010,C,27,3278746.825301205,4000000.0,1389,195,363,57,0,25,148,35,14,207,224,24,20,3,6,41,9905.0,2764.0,232.0,31.0,22.0,14.0,0.0,187.0,83.0,,0,0,0,0,1
martivi01_2010,martivi01,2010,1B,32,3278746.825301205,12500000.0,1347,182,401,82,2,45,222,2,0,139,158,12,4,0,14,46,8404.0,2291.0,120.0,19.0,80.0,10.0,0.0,177.0,49.0,,0,0,0,0,1
matsuhi01_2010,matsuhi01,2010,OF,36,3278746.825301205,4250000.0,1275,160,356,62,2,58,219,0,2,169,220,13,8,0,6,24,952.0,58.0,3.0,1.0,1.0,0.0,0.0,0.0,0.0,,0,0,0,0,0
morame01_2010,morame01,2010,3B,38,3278746.825301205,2350000.0,1279,160,353,61,7,38,197,8,11,102,183,6,24,6,9,36,8382.0,363.0,637.0,34.0,71.0,0.0,0.0,0.0,0.0,,0,0,0,0,0
nadyxa01_2010,nadyxa01,2010,OF,32,3278746.825301205,1750000.0,900,113,258,54,1,31,132,2,1,57,194,2,17,1,8,28,5437.0,718.0,51.0,6.0,52.0,0.0,0.0,0.0,0.0,,0,0,0,0,0
navardi01_2010,navardi01,2010,C,26,3278746.825301205,1000000.0,927,92,232,47,0,16,93,5,7,64,120,2,9,16,6,33,6791.0,1841.0,122.0,14.0,19.0,12.0,0.0,125.0,62.0,,0,0,0,0,1
nievewi01_2010,nievewi01,2010,C,33,3278746.825301205,775000.0,558,45,136,23,1,5,62,1,1,38,103,4,4,9,8,20,4195.0,1029.0,92.0,14.0,12.0,8.0,0.0,104.0,33.0,,0,0,0,0,0
ordonma01_2010,ordonma01,2010,OF,36,3278746.825301205,10000000.0,1349,182,420,73,5,42,212,5,6,144,179,4,3,0,10,60,7647.0,504.0,21.0,10.0,4.0,0.0,0.0,0.0,0.0,,0,0,0,0,0
overbly01_2010,overbly01,2010,1B,33,3278746.825301205,5000000.0,1501,206,389,104,5,51,200,2,2,215,342,16,6,1,11,41,11192.0,3654.0,358.0,13.0,375.0,0.0,0.0,0.0,0.0,,0,0,0,0,0
pauliro01_2010,pauliro01,2010,C,29,3278746.825301205,,673,63,172,33,1,14,82,2,0,61,123,7,0,1,5,23,4748.0,1353.0,109.0,10.0,8.0,10.0,0.0,126.0,54.0,,0,0,0,0,0
pierzaj01_2010,pierzaj01,2010,C,34,3278746.825301205,4000000.0,1512,166,429,82,2,35,165,5,5,58,162,13,15,12,11,49,9993.0,2657.0,165.0,19.0,21.0,15.0,0.0,270.0,78.0,,0,0,0,0,0
puntoni01_2010,puntoni01,2010,2B,33,3278746.825301205,750000.0,949,123,238,45,6,4,86,37,11,121,177,4,2,22,11,20,7570.0,475.0,793.0,25.0,158.0,0.0,0.0,0.0,0.0,,0,0,0,0,0
ramirma02_2010,ramirma02,2010,OF,38,3278746.825301205,2020000.0,1169,202,364,76,3,65,226,4,2,204,266,49,24,0,8,30,6437.0,397.0,12.0,10.0,2.0,0.0,0.0,0.0,0.0,,0,0,0,0,1
renteed01_2010,renteed01,2010,SS,34,3278746.825301205,2068391.0,1206,145,318,52,5,18,125,16,5,97,176,9,1,9,11,44,8394.0,438.0,813.0,34.0,181.0,0.0,0.0,0.0,0.0,,0,0,0,0,0
stairma01_2010,stairma01,2010,OF,42,3278746.825301205,850000.0,539,75,128,22,1,24,82,3,1,76,152,14,8,0,4,11,919.0,72.0,3.0,0.0,3.0,0.0,0.0,0.0,0.0,,0,0,0,0,0
tejadmi01_2010,tejadmi01,2010,SS,36,3278746.825301205,6500000.0,1903,246,549,110,4,42,223,14,9,73,187,9,28,2,14,77,12137.0,538.0,1279.0,50.0,264.0,0.0,0.0,0.0,0.0,,0,0,0,0,1
thamema01_2010,thamema01,2010,OF,33,3278746.825301205,1000000.0,786,105,202,30,1,50,125,0,5,72,228,2,4,0,11,14,2562.0,218.0,6.0,8.0,13.0,0.0,0.0,0.0,0.0,,0,0,0,0,0
thomeji01_2010,thomeji01,2010,,40,3278746.825301205,3000000.0,1141,196,291,59,2,82,226,1,0,220,352,16,6,0,9,33,,,,,,,,,,,0,0,0,0,0
torreyo01_2010,torreyo01,2010,C,32,3278746.825301205,3125000.0,774,77,208,42,1,15,99,8,10,66,153,7,9,9,8,26,5766.0,1619.0,98.0,5.0,11.0,13.0,0.0,132.0,46.0,,0,0,0,0,0
treanma01_2010,treanma01,2010,C,34,3278746.825301205,850000.0,456,40,99,13,1,7,50,2,2,41,100,1,8,9,6,9,3514.0,993.0,50.0,11.0,4.0,4.0,0.0,92.0,32.0,,0,0,0,0,0
ugglada01_2010,ugglada01,2010,2B,30,3278746.825301205,9789665.2,1684,281,444,95,2,96,287,11,7,247,470,12,17,1,12,29,12199.0,873.0,1231.0,47.0,261.0,0.0,0.0,0.0,0.0,,0,0,0,1,1
uribeju01_2010,uribeju01,2010,2B,31,3278746.825301205,6962577.0,1243,152,324,72,7,47,180,5,6,92,238,8,6,8,11,32,9032.0,493.0,827.0,26.0,144.0,0.0,0.0,0.0,0.0,,0,0,0,0,0
varitja01_2010,varitja01,2010,C,38,3278746.825301205,2000000.0,899,96,195,50,0,34,110,0,1,116,247,11,9,0,7,20,6722.0,2001.0,92.0,7.0,13.0,6.0,0.0,198.0,41.0,,0,0,0,0,1
vizquom01_2010,vizquom01,2010,SS,43,3278746.825301205,1750000.0,787,77,201,28,4,3,67,20,11,71,101,9,2,19,7,12,5627.0,234.0,492.0,5.0,109.0,0.0,0.0,0.0,0.0,,0,0,0,0,0
barmecl01_2011,barmecl01,2011,SS,32,3318838.249106079,5250000.0,1383,159,335,80,3,43,165,18,13,104,275,14,22,10,12,20,9910.0,638.0,1157.0,35.0,260.0,0.0,0.0,0.0,0.0,,0,0,0,0,0
beltrca01_2011,beltrca01,2011,OF,34,3318838.249106079,13000000.0,1048,149,312,72,10,39,159,18,4,148,170,22,5,0,9,31,7042.0,584.0,17.0,3.0,5.0,0.0,0.0,0.0,0.0,,0,0,0,0,1
betanyu01_2011,betanyu01,2011,SS,29,3318838.249106079,2000000.0,1582,151,399,76,11,35,195,9,10,60,171,4,3,15,20,46,11308.0,635.0,1176.0,57.0,247.0,0.0,0.0,0.0,0.0,,0,0,0,0,0
blakeca01_2011,blakeca01,2011,1B,38,3318838.249106079,,1196,172,313,63,8,39,169,4,10,137,304,12,17,9,16,29,8420.0,264.0,592.0,32.0,57.0,0.0,0.0,0.0,0.0,,0,0,0,0,0
bloomwi01_2011,bloomwi01,2011,2B,34,3318838.249106079,1900000.0,971,127,258,31,11,11,72,53,21,59,152,4,5,8,5,14,6147.0,414.0,309.0,20.0,71.0,0.0,0.0,0.0,0.0,,0,0,0,0,0
cedenro02_2011,cedenro02,2011,SS,28,3318838.249106079,1150000.0,1222,117,294,62,9,20,108,19,10,72,278,14,5,26,7,30,9182.0,517.0,1053.0,41.0,194.0,0.0,0.0,0.0,0.0,,0,0,0,0,0
chaveer01_2011,chaveer01,2011,1B,34,3318838.249106079,900000.0,301,26,71,16,1,3,37,0,0,23,72,3,0,0,5,7,1181.0,50.0,76.0,0.0,11.0,0.0,0.0,0.0,0.0,,0,0,0,0,0
chaveen01_2011,chaveen01,2011,OF,33,3318838.249106079,1500000.0,417,54,121,14,4,7,40,19,6,24,52,1,0,10,5,11,2912.0,237.0,5.0,2.0,1.0,0.0,0.0,0.0,0.0,,0,0,0,0,0
dobbsgr01_2011,dobbsgr01,2011,1B,33,3318838.249106079,1500000.0,728,66,183,36,0,18,84,2,1,45,151,5,2,3,6,16,3938.0,162.0,199.0,18.0,17.0,0.0,0.0,0.0,0.0,,0,0,0,0,0
doumiry01_2011,doumiry01,2011,C,30,3318838.249106079,3000000.0,904,90,238,50,2,31,113,5,1,77,171,10,10,1,4,35,6135.0,1335.0,137.0,22.0,14.0,15.0,0.0,164.0,44.0,,0,0,0,0,0
fieldpr01_2011,fieldpr01,2011,1B,27,3318838.249106079,23600000.0,1738,292,498,96,4,116,344,4,4,331,382,70,40,0,16,43,12710.0,3970.0,236.0,26.0,371.0,0.0,0.0,0.0,0.0,,0,0,0,1,1
furcara01_2011,furcara01,2011,SS,34,3318838.249106079,6500000.0,1329,202,357,66,12,25,118,43,15,129,188,7,6,8,5,19,8429.0,444.0,944.0,53.0,177.0,0.0,0.0,0.0,0.0,,0,0,0,0,1
gomesjo01_2011,gomesjo01,2011,OF,31,3318838.249106079,1000000.0,1103,157,276,53,4,52,180,15,7,113,313,6,25,0,16,14,6477.0,427.0,12.0,7.0,2.0,0.0,0.0,0.0,0.0,,0,0,0,0,0
hairsje02_2011,hairsje02,2011,2B,35,3318838.249106079,3000000.0,1150,158,292,57,4,25,120,19,12,96,154,3,16,13,10,15,8032.0,484.0,560.0,30.0,94.0,0.0,0.0,0.0,0.0,,0,0,0,0,0
hairssc01_2011,hairssc01,2011,OF,31,3318838.249106079,1100000.0,857,104,207,45,3,34,124,18,5,67,186,3,11,1,9,14,5213.0,411.0,6.0,8.0,2.0,0.0,0.0,0.0,0.0,,0,0,0,0,0
hernara02_2011,hernara02,2011,1B,35,3318838.249106079,3200000.0,898,83,251,44,2,24,121,1,0,85,124,9,13,7,8,26,6374.0,1720.0,128.0,10.0,45.0,5.0,0.0,107.0,59.0,,0,0,0,0,0
hillaa01_2011,hillaa01,2011,2B,29,3318838.249106079,5500000.0,1730,234,431,86,3,70,237,29,11,118,255,4,20,4,13,35,11275.0,803.0,1234.0,24.0,306.0,0.0,0.0,0.0,0.0,,0,0,0,1,1
ibanera01_2011,ibanera01,2011,OF,39,3318838.249106079,1100000.0,1596,233,421,100,9,70,260,10,3,157,333,22,6,0,17,44,10849.0,636.0,18.0,5.0,1.0,0.0,0.0,0.0,0.0,,0,0,0,0,1
johnsre02_2011,johnsre02,2011,OF,35,3318838.249106079,1150000.0,613,80,171,43,5,11,65,6,4,23,140,1,21,5,5,12,3907.0,299.0,8.0,4.0,3.0,0.0,0.0,0.0,0.0,,0,0,0,0,0
johnske05_2011,johnske05,2011,2B,29,3318838.249106079,6375000.0,1433,215,355,83,15,55,158,36,15,171,365,4,9,13,4,19,9451.0,670.0,973.0,28.0,248.0,0.0,0.0,0.0,0.0,,0,0,0,0,0
jonesan01_2011,jonesan01,2011,OF,34,3318838.249106079,2000000.0,749,111,171,38,1,49,124,14,3,119,207,3,8,0,5,25,3547.0,286.0,10.0,4.0,9.0,0.0,0.0,0.0,0.0,,0,0,0,0,0
kennead01_2011,kennead01,2011,1B,35,3318838.249106079,800000.0,1251,144,327,68,3,21,132,42,10,104,197,6,10,10,9,21,7889.0,671.0,658.0,34.0,137.0,0.0,0.0,0.0,0.0,,0,0,0,0,0
keppije01_2011,keppije01,2011,2B,31,3318838.249106079,1525000.0,1198,136,331,67,4,19,123,4,4,90,93,4,6,14,10,39,7911.0,473.0,761.0,20.0,141.0,0.0,0.0,0.0,0.0,,0,0,0,0,0
kotchca01_2011,kotchca01,2011,1B,28,3318838.249106079,3000000.0,1299,118,346,67,3,26,147,3,2,122,165,17,19,0,11,39,9247.0,2924.0,234.0,3.0,264.0,0.0,0.0,0.0,0.0,,0,0,0,0,0
kotsama01_2011,kotsama01,2011,1B,36,3318838.249106079,1250000.0,747,64,193,39,3,15,85,7,5,68,84,9,0,1,4,19,3605.0,697.0,49.0,6.0,49.0,0.0,0.0,0.0,0.0,,0,0,0,0,0
lairdge01_2011,lairdge01,2011,C,32,3318838.249106079,1000000.0,778,82,171,41,3,10,70,9,2,67,144,3,14,18,7,21,5928.0,1544.0,142.0,11.0,14.0,17.0,0.0,133.0,76.0,,0,0,0,0,0
mcdonjo03_2011,mcdonjo03,2011,SS,37,3318838.249106079,1500000.0,530,66,129,26,3,12,58,4,7,19,71,0,3,6,6,7,3969.0,212.0,426.0,12.0,110.0,0.0,0.0,0.0,0.0,,0,0,0,0,0
mclouna01_2011,mclouna01,2011,OF,30,3318838.249106079,1750000.0,1016,151,237,51,5,30,110,30,10,145,208,7,17,16,6,15,7354.0,627.0,10.0,5.0,5.0,0.0,0.0,0.0,0.0,,0,0,0,0,0
nievewi01_2011,nievewi01,2011,C,34,3318838.249106079,,432,32,97,16,0,4,42,1,0,28,86,4,4,5,6,16,3233.0,779.0,69.0,12.0,8.0,6.0,0.0,72.0,26.0,,0,0,0,0,0
nixla01_2011,nixla01,2011,OF,31,3318838.249106079,1250000.0,798,96,203,52,4,35,108,2,4,60,202,9,3,2,7,11,4834.0,368.0,16.0,4.0,12.0,0.0,0.0,0.0,0.0,,0,0,0,0,0
overbly01_2011,overbly01,2011,1B,34,3318838.249106079,1000000.0,1351,175,334,93,4,45,178,3,1,183,314,15,5,1,7,30,9879.0,3258.0,269.0,16.0,360.0,0.0,0.0,0.0,0.0,,0,0,0,0,0
pujolal01_2011,pujolal01,2011,1B,31,3318838.249106079,20000000.0,1734,344,542,113,2,126,352,39,9,279,198,97,17,0,21,75,12154.0,4187.0,519.0,31.0,432.0,0.0,0.0,0.0,0.0,,0,1,1,1,1
puntoni01_2011,puntoni01,2011,2B,34,3318838.249106079,1500000.0,744,101,179,34,6,3,78,23,6,114,141,6,2,23,11,13,6116.0,382.0,627.0,18.0,121.0,0.0,0.0,0.0,0.0,,0,0,0,0,0
rossco01_2011,rossco01,2011,OF,31,3318838.249106079,3000000.0,1489,198,389,90,4,52,207,19,6,120,339,9,18,0,7,37,10519.0,821.0,22.0,8.0,6.0,0.0,0.0,0.0,0.0,,0,0,0,0,0
sardida01_2011,sardida01,2011,C,32,3318838.249106079,,102,14,18,4,0,3,12,0,0,11,42,1,1,1,2,2,860.0,260.0,17.0,0.0,5.0,4.0,0.0,21.0,7.0,,0,0,0,0,0
schnebr01_2011,schnebr01,2011,C,35,3318838.249106079,800000.0,420,39,89,19,1,9,48,0,0,48,81,4,3,5,4,11,3238.0,863.0,51.0,4.0,7.0,3.0,0.0,69.0,21.0,,0,0,0,0,0
shoppke01_2011,shoppke01,2011,C,31,3318838.249106079,1350000.0,650,73,128,25,0,28,79,0,0,72,248,0,33,7,5,15,5104.0,1285.0,86.0,9.0,11.0,9.0,0.0,104.0,39.0,,0,0,0,0,0
sizemgr01_2011,sizemgr01,2011,OF,29,3318838.249106079,5000000.0,832,122,195,47,9,28,109,17,12,87,212,2,12,2,5,9,4666.0,446.0,2.0,3.0,0.0,0.0,0.0,0.0,0.0,,0,0,0,0,0
theriry01_2011,theriry01,2011,2B,32,3318838.249106079,1250000.0,1630,199,449,61,8,10,130,45,25,121,208,4,14,26,9,41,10484.0,622.0,1085.0,43.0,236.0,0.0,0.0,0.0,0.0,,0,0,0,0,0
thomeji01_2011,thomeji01,2011,3B,41,3318838.249106079,1250000.0,915,135,239,47,2,63,186,0,0,175,297,11,2,0,6,22,0.0,0.0,0.0,0.0,0.0,0.0,0.0,0.0,0.0,,0,0,0,0,0
whiteel03_2011,whiteel03,2011,C,32,3318838.249106079,,466,48,101,20,4,10,40,3,3,30,124,4,8,4,2,16,3715.0,1115.0,92.0,12.0,9.0,14.0,0.0,102.0,43.0,,0,0,0,0,0
ortizda01_2011,ortizda01,2011,1B,36,3318838.249106079,14575000.0,1584,247,431,111,3,89,297,1,4,234,362,31,8,0,12,45,236.0,83.0,7.0,1.0,7.0,0.0,0.0,0.0,0.0,,0,0,0,1,1
bayja01_2012,bayja01,2012,OF,34,3458421.216981132,1000000.0,986,128,231,41,7,26,124,26,2,119,258,6,7,1,12,18,6994.0,474.0,12.0,5.0,2.0,0.0,0.0,0.0,0.0,,0,0,0,0,0
blanche01_2012,blanche01,2012,C,41,3458421.216981132,750000.0,294,28,65,11,1,11,27,2,1,26,65,3,0,0,3,4,2387.0,603.0,54.0,4.0,9.0,6.0,0.0,27.0,25.0,,0,0,0,0,0
cabreme01_2012,cabreme01,2012,OF,28,3458421.216981132,8000000.0,1575,236,477,96,18,33,189,40,16,113,221,18,2,13,13,28,10150.0,742.0,28.0,11.0,12.0,0.0,0.0,0.0,0.0,,0,0,0,0,1
cedenro02_2012,cedenro02,2012,SS,29,3458421.216981132,718000.0,1047,103,266,65,7,14,92,14,9,70,234,11,3,15,7,31,7708.0,422.0,880.0,35.0,159.0,0.0,0.0,0.0,0.0,,0,0,0,0,0
chaveer01_2012,chaveer01,2012,1B,35,3458421.216981132,3000000.0,549,62,146,27,1,19,73,0,0,52,124,6,1,0,9,17,2503.0,130.0,152.0,6.0,16.0,0.0,0.0,0.0,0.0,,0,0,0,0,0
drewst01_2012,drewst01,2012,SS,29,3458421.216981132,9500000.0,1173,165,302,67,18,27,134,15,11,129,258,4,4,3,5,12,7948.0,409.0,800.0,25.0,176.0,0.0,0.0,0.0,0.0,,0,0,0,0,0
gomesjo01_2012,gomesjo01,2012,OF,32,3458421.216981132,5000000.0,1101,164,274,46,4,50,176,15,7,131,332,6,28,1,15,8,5755.0,389.0,8.0,8.0,1.0,0.0,0.0,0.0,0.0,,0,0,0,0,0
hafnetr01_2012,hafnetr01,2012,,35,3458421.216981132,2000000.0,940,110,251,51,2,38,141,2,1,119,219,17,27,0,7,18,,,,,,,,,,,0,0,0,0,0
hairssc01_2012,hairssc01,2012,OF,32,3458421.216981132,2500000.0,804,106,192,43,4,37,117,15,4,61,186,3,9,0,5,15,4864.0,337.0,4.0,7.0,1.0,0.0,0.0,0.0,0.0,,0,0,0,0,0
hinsker01_2012,hinsker01,2012,1B,35,3458421.216981132,1350000.0,649,71,153,38,2,23,92,0,1,73,187,8,4,0,5,14,3310.0,494.0,30.0,4.0,27.0,0.0,0.0,0.0,0.0,,0,0,0,0,0
hunteto01_2012,hunteto01,2012,OF,37,3458421.216981132,13000000.0,1687,237,480,84,3,62,264,23,20,161,364,9,19,1,11,61,10617.0,862.0,33.0,10.0,7.0,0.0,0.0,0.0,0.0,,0,0,0,0,1
ibanera01_2012,ibanera01,2012,OF,40,3458421.216981132,2750000.0,1480,190,377,87,9,55,229,9,3,136,281,19,6,0,14,42,9431.0,554.0,11.0,4.0,1.0,0.0,0.0,0.0,0.0,,0,0,0,0,0
johnske05_2012,johnske05,2012,2B,30,3458421.216981132,2450000.0,1637,229,401,82,14,63,184,43,15,201,470,7,11,9,6,23,11023.0,782.0,1137.0,29.0,292.0,0.0,0.0,0.0,0.0,,0,0,0,0,0
keppije01_2012,keppije01,2012,2B,32,3458421.216981132,3500000.0,1278,147,378,69,2,21,134,5,2,87,91,1,7,8,12,40,7864.0,609.0,707.0,15.0,146.0,0.0,0.0,0.0,0.0,,0,0,0,0,0
lairdge01_2012,lairdge01,2012,C,33,3458421.216981132,1500000.0,539,57,127,26,2,8,48,4,2,41,97,3,5,9,4,14,3941.0,1092.0,86.0,12.0,8.0,10.0,0.0,116.0,44.0,,0,0,0,0,0
loneyja01_2012,loneyja01,2012,1B,28,3458421.216981132,2000000.0,1553,160,418,91,3,28,194,14,8,122,213,23,5,4,11,43,10574.0,3330.0,226.0,15.0,278.0,0.0,0.0,0.0,0.0,,0,0,0,0,0
martiru01_2012,martiru01,2012,C,29,3458421.216981132,8000000.0,1170,152,270,48,0,44,144,20,5,151,237,8,17,4,6,39,8660.0,2472.0,217.0,27.0,13.0,18.0,0.0,201.0,87.0,,0,0,0,0,1
mclouna01_2012,mclouna01,2012,OF,31,3458421.216981132,2000000.0,775,104,171,38,4,17,60,23,5,104,170,7,10,15,3,9,5746.0,427.0,2.0,5.0,1.0,0.0,0.0,0.0,0.0,,0,0,0,0,0
navardi01_2012,navardi01,2012,C,28,3458421.216981132,1750000.0,369,30,78,14,2,8,36,0,1,34,67,5,2,9,3,7,2743.0,824.0,56.0,12.0,7.0,3.0,0.0,65.0,27.0,,0,0,0,0,0
nievewi01_2012,nievewi01,2012,C,35,3458421.216981132,800000.0,291,19,64,13,0,5,24,0,1,15,58,5,1,6,2,12,2106.0,540.0,38.0,8.0,6.0,3.0,0.0,55.0,16.0,,0,0,0,0,0
paganan01_2012,paganan01,2012,OF,31,3458421.216981132,10000000.0,1662,243,467,93,26,26,181,98,23,136,256,14,2,12,12,19,10742.0,1047.0,22.0,20.0,5.0,0.0,0.0,0.0,0.0,,0,0,0,0,0
pierrju01_2012,pierrju01,2012,OF,35,3458421.216981132,1600000.0,1684,235,478,45,13,4,122,132,42,111,115,0,32,51,6,19,10485.0,741.0,10.0,9.0,2.0,0.0,0.0,0.0,0.0,,0,0,0,0,0
pierzaj01_2012,pierzaj01,2012,C,36,3458421.216981132,7500000.0,1417,149,394,76,5,44,181,3,4,66,150,13,19,9,12,44,9516.0,2581.0,197.0,15.0,17.0,15.0,0.0,245.0,78.0,,0,0,0,1,0
polanpl01_2012,polanpl01,2012,3B,37,3458421.216981132,2750000.0,1326,150,373,56,2,13,121,8,0,92,116,2,12,6,17,36,8603.0,239.0,702.0,15.0,64.0,0.0,0.0,0.0,0.0,,0,0,1,0,1
reynoma01_2012,reynoma01,2012,1B,29,3458421.216981132,6000000.0,1490,228,318,70,3,92,240,14,11,231,566,11,22,0,11,38,11046.0,1472.0,501.0,60.0,178.0,0.0,0.0,0.0,0.0,,0,0,0,0,0
rossda01_2012,rossda01,2012,C,35,3458421.216981132,3100000.0,449,47,120,27,2,17,74,1,2,54,139,0,1,4,3,14,3387.0,979.0,81.0,9.0,6.0,7.0,0.0,59.0,34.0,,0,0,0,0,0
schiena01_2012,schiena01,2012,OF,28,3458421.216981132,2250000.0,803,96,210,43,9,18,79,14,11,64,145,10,8,2,6,9,5521.0,384.0,16.0,5.0,5.0,0.0,0.0,0.0,0.0,,0,0,0,0,0
scottlu01_2012,scottlu01,2012,1B,34,3458421.216981132,2750000.0,970,129,245,62,2,50,149,8,1,104,232,8,10,0,13,20,2183.0,369.0,19.0,4.0,28.0,0.0,0.0,0.0,0.0,,0,0,0,0,0
scutama01_2012,scutama01,2012,2B,37,3458421.216981132,6666667.0,1647,238,482,96,5,25,184,18,10,131,156,2,8,21,16,37,10643.0,603.0,1091.0,46.0,211.0,0.0,0.0,0.0,0.0,,0,0,0,0,0
shoppke01_2012,shoppke01,2012,C,32,3458421.216981132,1500000.0,598,63,121,25,2,24,66,1,0,55,239,3,23,7,2,9,4786.0,1263.0,84.0,15.0,11.0,11.0,0.0,87.0,40.0,,0,0,0,0,0
sotoge01_2012,sotoge01,2012,C,29,3458421.216981132,2750000.0,1067,138,250,57,1,45,146,1,1,137,283,8,9,2,7,29,8087.0,2375.0,164.0,25.0,17.0,9.0,0.0,224.0,78.0,,0,0,0,0,0
stewaia01_2012,stewaia01,2012,3B,27,3458421.216981132,,687,84,154,25,5,23,84,8,7,80,193,14,7,0,5,14,4938.0,105.0,352.0,21.0,24.0,0.0,0.0,0.0,0.0,,0,0,0,0,0
torrean02_2012,torrean02,2012,OF,34,3458421.216981132,1500000.0,1229,181,299,84,16,23,117,58,18,150,313,4,9,10,2,22,8450.0,779.0,19.0,6.0,5.0,0.0,0.0,0.0,0.0,,0,0,0,0,0
victosh01_2012,victosh01,2012,OF,32,3458421.216981132,13000000.0,1701,251,449,82,33,46,185,92,15,161,222,7,19,15,4,15,11302.0,998.0,20.0,4.0,8.0,0.0,0.0,0.0,0.0,,0,0,1,0,1
wiggity01_2012,wiggity01,2012,1B,35,3458421.216981132,2500000.0,1297,155,315,61,3,48,166,9,2,125,281,9,15,2,16,38,8553.0,1509.0,380.0,39.0,153.0,0.0,0.0,0.0,0.0,,0,0,0,0,1
wisede01_2012,wisede01,2012,OF,34,3458421.216981132,700000.0,435,61,106,15,5,13,51,29,6,18,117,0,3,1,4,3,3000.0,256.0,8.0,3.0,1.0,0.0,0.0,0.0,0.0,,0,0,0,0,0
youklke01_2012,youklke01,2012,1B,33,3458421.216981132,12000000.0,1231,217,325,73,9,55,202,7,1,177,275,8,41,0,12,28,8670.0,1115.0,445.0,21.0,123.0,0.0,0.0,0.0,0.0,,0,0,0,0,1
suzukic01_2012,suzukic01,2012,OF,39,3458421.216981132,6500000.0,1986,231,576,80,12,20,145,111,23,106,216,31,5,9,10,26,12274.0,916.0,19.0,9.0,6.0,0.0,0.0,0.0,0.0,,0,0,1,0,1
youngde03_2012,youngde03,2012,OF,27,3458421.216981132,750000.0,1617,185,450,94,3,51,250,6,6,71,278,8,15,0,21,55,7495.0,488.0,20.0,13.0,5.0,0.0,0.0,0.0,0.0,,0,0,0,0,0
uptonbj01_2012,uptonbj01,2012,OF,28,3458421.216981132,14100000.0,1669,250,404,94,11,69,221,109,27,183,494,5,7,7,15,42,11648.0,1069.0,19.0,11.0,7.0,0.0,0.0,0.0,0.0,,0,0,0,0,0
napolmi01_2012,napolmi01,2012,1B,31,3458421.216981132,5000000.0,1174,185,306,58,3,80,199,9,4,156,347,9,21,0,8,34,8073.0,2246.0,172.0,22.0,76.0,14.0,0.0,115.0,42.0,,0,0,0,0,1
ortizda01_2012,ortizda01,2012,1B,37,3458421.216981132,14750000.0,1367,235,405,102,2,84,258,1,3,216,279,39,3,0,8,42,275.0,95.0,3.0,0.0,9.0,0.0,0.0,0.0,0.0,,0,0,0,1,1
hamiljo03_2012,hamiljo03,2012,OF,31,3458421.216981132,20277187.25,1567,278,491,102,10,100,322,23,6,142,350,31,12,1,23,28,9524.0,751.0,19.0,16.0,5.0,0.0,0.0,0.0,0.0,,0,1,0,1,1
adamsda02_2013,adamsda02,2013,1B,26,3723344.353374233,,140,10,27,5,1,2,13,0,0,9,43,0,2,1,0,4,1020.0,56.0,76.0,1.0,12.0,0.0,0.0,0.0,0.0,,0,0,0,0,0
arencjp01_2013,arencjp01,2013,C,27,3723344.353374233,1800000.0,1264,137,270,54,4,62,189,2,3,72,389,4,10,1,8,18,8755.0,2335.0,178.0,21.0,11.0,34.0,0.0,202.0,71.0,,0,0,0,0,0
bakerje03_2013,bakerje03,2013,OF,32,3723344.353374233,1850000.0,543,59,142,32,2,18,69,5,1,39,142,2,2,0,4,20,3118.0,476.0,91.0,5.0,37.0,0.0,0.0,0.0,0.0,,0,0,0,0,0
barmecl01_2013,barmecl01,2013,SS,34,3723344.353374233,2000000.0,1205,103,277,58,1,25,107,3,3,72,264,8,17,19,5,23,9071.0,425.0,1037.0,41.0,194.0,0.0,0.0,0.0,0.0,,0,0,0,0,0
bloomwi01_2013,bloomwi01,2013,2B,36,3723344.353374233,2900000.0,813,107,235,36,8,4,63,27,22,43,117,3,6,2,5,11,4824.0,262.0,381.0,12.0,80.0,0.0,0.0,0.0,0.0,,0,0,0,0,0
buckjo01_2013,buckjo01,2013,C,33,3723344.353374233,1000000.0,1201,109,259,41,2,43,160,2,2,132,322,16,18,3,5,32,8945.0,2469.0,140.0,16.0,10.0,20.0,0.0,170.0,51.0,,0,0,0,0,0
chaveer01_2013,chaveer01,2013,1B,36,3723344.353374233,3500000.0,666,80,184,33,3,27,107,1,0,63,138,10,2,0,10,21,3845.0,173.0,258.0,7.0,25.0,0.0,0.0,0.0,0.0,,0,0,0,0,0
davisra01_2013,davisra01,2013,OF,33,3723344.353374233,5000000.0,1098,157,277,61,11,15,96,125,30,65,232,3,12,3,7,20,7530.0,581.0,14.0,12.0,2.0,0.0,0.0,0.0,0.0,,0,0,0,0,0
ellisma01_2013,ellisma01,2013,2B,36,3723344.353374233,5250000.0,1328,163,343,58,4,20,120,23,6,88,219,2,23,17,7,18,8790.0,701.0,962.0,12.0,231.0,0.0,0.0,0.0,0.0,,0,0,0,0,0
gutiefr01_2013,gutiefr01,2013,OF,30,3723344.353374233,,617,62,147,30,1,15,60,19,4,30,130,1,3,5,3,13,4173.0,413.0,8.0,2.0,3.0,0.0,0.0,0.0,0.0,,0,0,0,0,0
hartco01_2013,hartco01,2013,OF,31,3723344.353374233,6000000.0,1054,171,292,60,8,56,146,12,6,95,265,6,15,5,4,25,7035.0,1064.0,67.0,8.0,68.0,0.0,0.0,0.0,0.0,,0,0,0,0,0
ibanera01_2013,ibanera01,2013,OF,41,3723344.353374233,2750000.0,1373,169,333,70,6,68,211,5,0,110,301,9,6,0,7,35,8040.0,504.0,13.0,6.0,1.0,0.0,0.0,0.0,0.0,,0,0,0,0,0
jeterde01_2013,jeterde01,2013,SS,39,3723344.353374233,12000000.0,1292,191,390,57,4,22,126,25,10,99,181,2,12,10,7,37,7030.0,335.0,631.0,24.0,133.0,0.0,0.0,0.0,0.0,,0,0,0,1,1
johnske05_2013,johnske05,2013,2B,31,3723344.353374233,3000000.0,1418,177,321,58,11,53,165,37,12,157,421,7,12,6,7,15,9250.0,647.0,809.0,25.0,200.0,0.0,0.0,0.0,0.0,,0,0,0,0,0
jonesga02_2013,jonesga02,2013,1B,32,3723344.353374233,3875000.0,1301,160,327,84,6,58,195,10,3,112,308,4,4,0,15,20,8190.0,1723.0,123.0,20.0,148.0,0.0,0.0,0.0,0.0,,0,0,0,0,0
konerpa01_2013,konerpa01,2013,1B,37,3723344.353374233,2500000.0,1543,176,436,63,0,69,234,1,1,178,246,23,19,0,17,42,7506.0,2393.0,176.0,10.0,255.0,0.0,0.0,0.0,0.0,,0,0,0,0,1
loneyja01_2013,loneyja01,2013,1B,29,3723344.353374233,4833333.0,1514,147,425,83,1,31,181,7,4,114,195,20,1,5,11,45,10391.0,3247.0,246.0,18.0,290.0,0.0,0.0,0.0,0.0,,0,0,0,0,0
mclouna01_2013,mclouna01,2013,OF,32,3723344.353374233,5000000.0,1064,150,262,57,7,23,72,46,10,124,199,6,9,13,2,13,7359.0,536.0,5.0,4.0,0.0,0.0,0.0,0.0,0.0,,0,0,0,0,0
molinjo01_2013,molinjo01,2013,C,38,3723344.353374233,1750000.0,705,72,170,35,1,13,65,7,3,57,167,1,5,8,3,22,5574.0,1673.0,99.0,9.0,16.0,22.0,0.0,119.0,54.0,,0,0,0,0,0
navardi01_2013,navardi01,2013,C,29,3723344.353374233,4000000.0,485,50,126,16,2,20,63,0,1,45,83,6,3,4,4,8,3160.0,977.0,72.0,13.0,12.0,8.0,0.0,83.0,28.0,,0,0,0,0,0
nievewi01_2013,nievewi01,2013,C,36,3723344.353374233,1125000.0,328,25,90,16,0,3,30,0,1,15,61,3,0,2,4,13,2063.0,573.0,32.0,5.0,2.0,3.0,0.0,37.0,11.0,,0,0,0,0,0
peguefr01_2013,peguefr01,2013,OF,25,3723344.353374233,,45,10,9,1,0,1,1,5,0,1,9,0,0,0,0,2,306.0,29.0,1.0,0.0,0.0,0.0,0.0,0.0,0.0,,0,0,0,0,0
pierzaj01_2013,pierzaj01,2013,C,37,3723344.353374233,8250000.0,1446,154,403,71,6,52,195,1,1,62,187,13,22,3,16,41,9253.0,2608.0,201.0,12.0,20.0,18.0,0.0,219.0,75.0,,0,0,0,1,0
roberbr01_2013,roberbr01,2013,2B,36,3723344.353374233,2000000.0,494,53,114,19,2,11,63,10,3,43,77,1,0,4,7,8,3109.0,205.0,361.0,5.0,76.0,0.0,0.0,0.0,0.0,,0,0,0,0,0
saltaja01_2013,saltaja01,2013,C,28,3723344.353374233,3253750.0,1188,175,290,80,4,55,180,5,2,105,397,4,4,0,7,19,8142.0,2302.0,143.0,19.0,10.0,39.0,0.0,252.0,79.0,,0,0,0,0,0
sotoge01_2013,sotoge01,2013,C,30,3723344.353374233,3050000.0,908,111,200,47,1,37,115,2,2,95,260,4,9,3,4,26,6842.0,2008.0,146.0,23.0,13.0,8.0,0.0,174.0,67.0,,0,0,0,0,0
suzukku01_2013,suzukku01,2013,C,30,3723344.353374233,2750000.0,1153,115,271,59,1,25,119,6,2,80,172,10,15,9,16,21,8683.0,2350.0,151.0,18.0,19.0,14.0,0.0,220.0,74.0,,0,0,0,0,0
uribeju01_2013,uribeju01,2013,3B,34,3723344.353374233,6500000.0,820,83,194,43,2,18,95,7,1,60,178,5,10,4,6,30,5711.0,174.0,455.0,14.0,47.0,0.0,0.0,0.0,0.0,,0,0,0,0,0
cruzne02_2013,cruzne02,2013,OF,33,3723344.353374233,8000000.0,1473,199,387,91,1,80,253,22,10,116,365,5,11,0,11,29,9636.0,727.0,16.0,13.0,3.0,0.0,0.0,0.0,0.0,,0,0,0,0,1
peraljh01_2013,peraljh01,2013,SS,31,3723344.353374233,14333333.333333334,1465,176,408,87,6,45,204,4,7,124,298,7,5,2,13,46,10437.0,590.0,1036.0,18.0,212.0,0.0,0.0,0.0,0.0,,0,0,0,0,1
napolmi01_2013,napolmi01,2013,1B,32,3723344.353374233,16000000.0,1219,204,327,72,4,77,223,6,3,187,397,10,16,0,5,34,8031.0,2315.0,183.0,16.0,135.0,9.0,0.0,63.0,23.0,,0,0,0,0,1
grandcu01_2013,grandcu01,2013,OF,32,3723344.353374233,15000000.0,1393,269,340,57,16,91,240,43,15,187,433,5,18,7,15,18,9285.0,807.0,15.0,3.0,1.0,0.0,0.0,0.0,0.0,,0,0,0,1,1
beltrca01_2013,beltrca01,2013,OF,36,3723344.353374233,15000000.0,1621,240,467,95,10,78,265,19,9,174,302,23,6,2,14,39,10398.0,693.0,24.0,8.0,4.0,0.0,0.0,0.0,0.0,,0,0,0,0,1
canoro01_2013,canoro01,2013,2B,31,3723344.353374233,24000000.0,1855,290,574,135,8,88,319,18,5,164,277,37,25,0,15,58,12104.0,855.0,1283.0,22.0,277.0,0.0,0.0,0.0,0.0,,0,0,1,1,1
almonzo01_2014,almonzo01,2014,OF,25,3980445.9139650874,,142,11,30,4,0,2,12,4,1,6,33,0,0,0,1,3,950.0,75.0,1.0,0.0,0.0,0.0,0.0,0.0,0.0,,0,0,0,0,0
annade01_2014,annade01,2014,2B,28,3980445.9139650874,,22,3,3,1,0,1,3,0,0,2,6,0,0,0,1,0,201.0,5.0,19.0,1.0,1.0,0.0,0.0,0.0,0.0,,0,0,0,0,0
bakerjo01_2014,bakerjo01,2014,C,33,3980445.9139650874,,415,26,87,15,0,0,31,2,1,45,111,5,2,4,2,11,3091.0,886.0,62.0,6.0,4.0,12.0,0.0,107.0,23.0,,0,0,0,0,0
beckhgo01_2014,beckhgo01,2014,2B,28,3980445.9139650874,2000000.0,1342,161,323,73,1,30,128,13,5,90,226,4,18,12,11,37,9655.0,713.0,1014.0,32.0,261.0,0.0,0.0,0.0,0.0,,0,0,0,0,0
butlebi03_2014,butlebi03,2014,1B,28,3980445.9139650874,9166333.5,1745,191,509,91,1,53,255,2,1,174,309,23,15,0,16,69,1586.0,475.0,39.0,5.0,48.0,0.0,0.0,0.0,0.0,,0,0,0,1,1
cabreme01_2014,cabreme01,2014,OF,30,3980445.9139650874,13500000.0,1371,204,426,75,15,30,163,21,9,102,177,7,3,5,13,34,8322.0,564.0,23.0,7.0,6.0,0.0,0.0,0.0,0.0,,0,0,0,0,1
cabreev01_2014,cabreev01,2014,SS,28,3980445.9139650874,2400000.0,1136,139,289,47,9,9,75,99,24,104,265,2,6,24,5,9,7816.0,415.0,880.0,35.0,140.0,0.0,0.0,0.0,0.0,,0,0,0,0,1
callaal01_2014,callaal01,2014,3B,31,3980445.9139650874,3000000.0,1314,144,322,55,0,24,150,4,6,149,156,4,2,6,16,36,8255.0,394.0,598.0,36.0,79.0,0.0,0.0,0.0,0.0,,0,0,0,0,0
cuddymi01_2014,cuddymi01,2014,1B,35,3980445.9139650874,8500000.0,1037,159,318,76,6,46,173,21,6,92,208,6,2,0,8,30,6869.0,791.0,49.0,8.0,48.0,0.0,0.0,0.0,0.0,,0,0,0,1,1
denorch01_2014,denorch01,2014,OF,34,3980445.9139650874,2600000.0,1151,159,310,52,12,21,104,33,8,94,206,2,3,4,8,28,7351.0,566.0,20.0,8.0,3.0,0.0,0.0,0.0,0.0,,0,0,0,0,0
descada01_2014,descada01,2014,2B,28,3980445.9139650874,1800000.0,863,104,202,46,8,9,79,13,9,79,172,8,10,11,5,14,5941.0,365.0,655.0,33.0,140.0,0.0,0.0,0.0,0.0,,0,0,0,0,0
drewst01_2014,drewst01,2014,SS,31,3980445.9139650874,5000000.0,1000,113,220,56,10,27,121,8,3,118,275,8,1,0,9,12,7318.0,396.0,722.0,23.0,178.0,0.0,0.0,0.0,0.0,,0,0,0,0,0
hartco01_2014,hartco01,2014,1B,32,3980445.9139650874,2500000.0,794,108,199,44,4,36,104,7,0,60,210,6,17,2,4,14,3985.0,841.0,64.0,7.0,68.0,0.0,0.0,0.0,0.0,,0,0,0,0,0
hundlni01_2014,hundlni01,2014,C,31,3980445.9139650874,3125000.0,795,67,172,33,1,22,88,2,3,51,217,7,7,4,9,14,5784.0,1591.0,141.0,16.0,19.0,11.0,0.0,166.0,58.0,,0,0,0,0,0
hunteto01_2014,hunteto01,2014,OF,39,3980445.9139650874,10500000.0,1689,242,508,94,8,50,259,16,6,87,335,1,22,4,20,44,10389.0,681.0,28.0,12.0,9.0,0.0,0.0,0.0,0.0,,0,0,0,1,1
lowrije01_2014,lowrije01,2014,SS,30,3980445.9139650874,7750000.0,1445,182,383,92,5,37,167,3,0,144,235,8,9,5,12,34,9426.0,420.0,930.0,39.0,185.0,0.0,0.0,0.0,0.0,,0,0,0,0,0
pierzaj01_2014,pierzaj01,2014,C,38,3980445.9139650874,2000000.0,1320,141,355,54,6,49,184,1,2,53,208,9,22,2,14,35,8392.0,2410.0,170.0,13.0,19.0,19.0,0.0,175.0,62.0,,0,0,0,1,0
rasmuco01_2014,rasmuco01,2014,OF,28,3980445.9139650874,8000000.0,1328,177,319,68,7,63,181,8,4,113,408,7,11,2,5,12,8878.0,846.0,11.0,11.0,2.0,0.0,0.0,0.0,0.0,,0,0,0,0,0
reynoma01_2014,reynoma01,2014,1B,31,3980445.9139650874,2000000.0,1280,167,273,49,0,66,181,9,5,171,435,6,14,1,9,36,8883.0,2111.0,279.0,28.0,213.0,0.0,0.0,0.0,0.0,,0,0,0,0,0
rosalad01_2014,rosalad01,2014,2B,31,3980445.9139650874,900000.0,410,47,93,17,0,11,39,4,2,34,100,2,7,4,2,13,3000.0,379.0,246.0,9.0,70.0,0.0,0.0,0.0,0.0,,0,0,0,0,0
rossda01_2014,rossda01,2014,C,37,3980445.9139650874,2500000.0,430,45,95,19,0,20,48,2,1,45,160,1,1,4,3,9,3378.0,1035.0,67.0,10.0,9.0,9.0,0.0,70.0,37.0,,0,0,0,0,0
smoakju01_2014,smoakju01,2014,1B,28,3980445.9139650874,1000000.0,1185,130,263,46,0,46,131,1,1,137,296,3,5,0,5,31,8544.0,2717.0,161.0,11.0,280.0,0.0,0.0,0.0,0.0,,0,0,0,0,0
suzukic01_2014,suzukic01,2014,OF,41,3980445.9139650874,2000000.0,1508,176,416,56,11,17,112,64,14,69,192,10,4,13,9,21,10099.0,742.0,14.0,5.0,0.0,0.0,0.0,0.0,0.0,,0,0,0,0,0
youngde03_2014,youngde03,2014,OF,29,3980445.9139650874,2250000.0,1150,111,313,54,2,36,142,2,2,50,241,1,14,0,10,34,2667.0,182.0,9.0,7.0,3.0,0.0,0.0,0.0,0.0,,0,0,0,0,0
cabreas01_2014,cabreas01,2014,SS,29,3980445.9139650874,7500000.0,1616,210,406,101,7,44,193,28,9,136,321,6,21,8,13,43,10550.0,591.0,1109.0,43.0,255.0,0.0,0.0,0.0,0.0,,0,0,0,0,1
avilaal01_2015,avilaal01,2015,C,28,4301276.094247246,2500000.0,898,104,194,41,1,26,107,0,4,145,329,1,4,3,5,20,7065.0,2109.0,108.0,12.0,28.0,14.0,0.0,165.0,62.0,,0,0,0,0,0
avilemi01_2015,avilemi01,2015,2B,34,4301276.094247246,2000000.0,995,129,243,41,1,19,102,25,11,48,128,0,5,23,14,39,7145.0,333.0,500.0,26.0,86.0,0.0,0.0,0.0,0.0,,0,0,0,0,0
barneda01_2015,barneda01,2015,2B,30,4301276.094247246,1050000.0,765,77,168,37,3,12,68,5,2,54,100,7,10,8,8,23,5667.0,342.0,549.0,9.0,104.0,0.0,0.0,0.0,0.0,,0,0,0,0,0
beckhgo01_2015,beckhgo01,2015,2B,29,4301276.094247246,1250000.0,1028,123,244,57,1,20,88,8,2,69,180,5,13,5,13,33,7325.0,488.0,737.0,29.0,174.0,0.0,0.0,0.0,0.0,,0,0,0,0,0
bonifem01_2015,bonifem01,2015,2B,30,4301276.094247246,,892,106,217,41,7,6,59,55,20,58,215,2,3,13,3,7,5902.0,435.0,355.0,19.0,94.0,0.0,0.0,0.0,0.0,,0,0,0,0,0
crawfbr01_2015,crawfbr01,2015,SS,28,4301276.094247246,6000000.0,1497,171,375,77,17,40,196,12,9,140,344,25,18,3,17,32,11098.0,561.0,1243.0,49.0,249.0,0.0,0.0,0.0,0.0,,0,0,1,1,1
davisra01_2015,davisra01,2015,OF,35,4301276.094247246,5250000.0,1133,168,304,59,15,22,105,99,25,65,218,0,13,5,8,20,7248.0,611.0,12.0,9.0,2.0,0.0,0.0,0.0,0.0,,0,0,0,0,0
deazaal01_2015,deazaal01,2015,OF,31,4301276.094247246,,1409,191,365,68,19,32,138,44,23,120,350,6,17,11,11,21,9629.0,793.0,15.0,13.0,3.0,0.0,0.0,0.0,0.0,,0,0,0,0,0
desmoia01_2015,desmoia01,2015,SS,30,4301276.094247246,8000000.0,1776,219,455,91,8,63,233,58,16,134,515,3,14,8,12,42,12410.0,663.0,1279.0,71.0,272.0,0.0,0.0,0.0,0.0,,0,0,0,1,0
drewst01_2015,drewst01,2015,SS,32,4301276.094247246,3000000.0,1096,118,233,59,10,37,137,7,3,118,270,7,2,4,9,17,8324.0,483.0,835.0,24.0,205.0,0.0,0.0,0.0,0.0,,0,0,0,0,0
flowety01_2015,flowety01,2015,C,29,4301276.094247246,2000000.0,994,87,227,39,1,34,113,0,3,60,357,1,18,3,3,27,7869.0,2383.0,176.0,17.0,20.0,32.0,0.0,167.0,60.0,,0,0,0,0,0
freesda01_2015,freesda01,2015,3B,32,4301276.094247246,3000000.0,1348,159,350,78,2,33,171,3,6,116,337,1,27,0,11,47,8771.0,176.0,531.0,27.0,52.0,0.0,0.0,0.0,0.0,,0,0,0,0,0
gentrcr01_2015,gentrcr01,2015,OF,32,4301276.094247246,1000000.0,528,83,134,18,7,2,37,45,6,50,105,4,14,5,2,7,4040.0,371.0,17.0,5.0,4.0,0.0,0.0,0.0,0.0,,0,0,0,0,0
gutiefr01_2015,gutiefr01,2015,OF,32,4301276.094247246,1500000.0,316,45,86,18,0,25,59,3,1,19,97,1,3,1,1,7,1844.0,145.0,3.0,2.0,1.0,0.0,0.0,0.0,0.0,,0,0,0,0,0
iannech01_2015,iannech01,2015,C,32,4301276.094247246,4250000.0,903,109,201,47,0,28,116,3,2,163,274,6,11,0,12,22,7442.0,2098.0,131.0,10.0,14.0,16.0,0.0,177.0,56.0,,0,0,0,0,0
jacksau01_2015,jacksau01,2015,OF,28,4301276.094247246,5000000.0,1640,226,434,85,16,25,144,45,20,128,399,0,9,7,13,32,10561.0,980.0,12.0,12.0,5.0,0.0,0.0,0.0,0.0,,0,0,0,0,0
jasojo01_2015,jasojo01,2015,C,32,4301276.094247246,4000000.0,699,96,190,47,3,17,83,5,3,94,144,2,10,1,5,15,2416.0,610.0,23.0,4.0,1.0,1.0,0.0,60.0,8.0,,0,0,0,0,0
johnsch05_2015,johnsch05,2015,1B,31,4301276.094247246,8007500.0,1339,115,380,72,0,25,144,8,1,62,349,7,5,2,5,48,8542.0,413.0,475.0,24.0,76.0,0.0,0.0,0.0,0.0,,0,0,0,0,0
johnske05_2015,johnske05,2015,2B,33,4301276.094247246,2000000.0,941,108,225,37,4,37,126,11,7,87,251,3,5,0,5,15,6014.0,597.0,269.0,26.0,64.0,0.0,0.0,0.0,0.0,,0,0,0,0,0
kendrho01_2015,kendrho01,2015,2B,32,4301276.094247246,9540378.0,1559,204,460,76,11,29,183,26,10,98,281,14,12,7,6,48,10258.0,684.0,1022.0,26.0,203.0,0.0,0.0,0.0,0.0,,0,0,0,0,0
mathije01_2015,mathije01,2015,C,32,4301276.094247246,1500000.0,500,35,92,18,2,9,53,0,0,43,164,7,1,6,4,9,4004.0,1119.0,82.0,3.0,7.0,8.0,0.0,74.0,36.0,,0,0,0,0,0
mcgehca01_2015,mcgehca01,2015,3B,33,4301276.094247246,,853,70,224,41,1,6,96,5,3,88,152,3,1,0,7,49,5544.0,207.0,311.0,14.0,52.0,0.0,0.0,0.0,0.0,,0,0,0,0,0
napolmi01_2015,napolmi01,2015,1B,34,4301276.094247246,7000000.0,1320,174,323,78,3,58,197,7,6,208,438,9,14,0,5,38,9017.0,2733.0,230.0,23.0,265.0,0.0,0.0,0.0,0.0,,0,0,0,0,0
navada01_2015,navada01,2015,1B,32,4301276.094247246,1375000.0,960,131,264,54,0,17,113,5,4,104,210,3,30,5,11,19,6721.0,608.0,32.0,9.0,19.0,0.0,0.0,0.0,0.0,,0,0,0,0,0
navardi01_2015,navardi01,2015,C,31,4301276.094247246,4000000.0,892,88,246,36,0,30,123,3,1,72,141,3,3,0,11,16,5092.0,1449.0,91.0,12.0,13.0,14.0,0.0,109.0,37.0,,0,0,0,0,0
parrage01_2015,parrage01,2015,OF,28,4301276.094247246,8000000.0,1677,226,458,101,13,33,139,33,21,108,292,11,13,17,11,30,11041.0,849.0,35.0,14.0,4.0,0.0,0.0,0.0,0.0,,0,0,1,0,0
pearcst01_2015,pearcst01,2015,1B,32,4301276.094247246,4750000.0,751,107,194,46,1,40,102,7,1,78,170,4,15,0,2,15,4577.0,801.0,99.0,4.0,59.0,0.0,0.0,0.0,0.0,,0,0,0,0,0
pennicl01_2015,pennicl01,2015,2B,31,4301276.094247246,1500000.0,656,70,154,24,4,6,49,11,1,73,139,7,5,10,5,14,4579.0,223.0,497.0,19.0,99.0,0.0,0.0,0.0,0.0,,0,0,0,0,0
pierzaj01_2015,pierzaj01,2015,C,39,4301276.094247246,3000000.0,1248,111,344,60,3,31,156,1,4,44,167,6,21,1,13,46,7907.0,2240.0,143.0,9.0,18.0,16.0,0.0,166.0,56.0,,0,0,0,0,0
reynoma01_2015,reynoma01,2015,1B,32,4301276.094247246,2600000.0,1205,137,260,44,2,56,160,10,5,142,397,6,12,1,9,27,8275.0,1873.0,279.0,26.0,200.0,0.0,0.0,0.0,0.0,,0,0,0,0,0
rodrise01_2015,rodrise01,2015,1B,30,4301276.094247246,2500000.0,656,76,153,35,5,21,81,5,6,32,188,0,17,11,5,15,4399.0,744.0,118.0,7.0,73.0,0.0,0.0,0.0,0.0,,0,0,0,0,0
ruggiju01_2015,ruggiju01,2015,OF,33,4301276.094247246,1650000.0,773,98,188,39,3,30,93,22,14,73,225,1,10,2,4,12,5079.0,415.0,4.0,6.0,0.0,0.0,0.0,0.0,0.0,,0,0,0,0,0
saltaja01_2015,saltaja01,2015,C,30,4301276.094247246,507500.0,998,137,243,75,0,34,133,4,2,121,351,7,4,1,8,23,6992.0,1989.0,115.0,24.0,12.0,13.0,0.0,183.0,46.0,,0,0,0,0,0
sotoge01_2015,sotoge01,2015,C,32,4301276.094247246,2800000.0,430,48,101,23,0,19,54,1,3,47,142,0,1,3,0,10,3373.0,987.0,67.0,10.0,7.0,6.0,0.0,58.0,29.0,,0,0,0,0,0
spande01_2015,spande01,2015,OF,31,4301276.094247246,5000000.0,1466,207,428,84,19,14,106,62,13,117,168,1,5,11,6,22,9379.0,905.0,15.0,5.0,7.0,0.0,0.0,0.0,0.0,,0,0,0,0,0
tholejo01_2015,tholejo01,2015,C,29,4301276.094247246,800000.0,302,27,64,9,1,1,17,0,3,29,59,0,1,5,0,9,2341.0,644.0,27.0,5.0,5.0,22.0,0.0,50.0,12.0,,0,0,0,0,0
uribeju01_2015,uribeju01,2015,3B,36,4301276.094247246,4000000.0,1134,123,319,62,2,35,147,7,1,79,238,8,5,3,6,39,7733.0,182.0,629.0,21.0,70.0,0.0,0.0,0.0,0.0,,0,0,0,0,0
utleych01_2015,utleych01,2015,2B,37,4301276.094247246,7000000.0,1438,184,373,82,14,37,186,22,4,130,228,20,28,0,22,27,9601.0,727.0,982.0,36.0,207.0,0.0,0.0,0.0,0.0,,0,0,0,0,1
venabwi01_2015,venabwi01,2015,OF,33,4301276.094247246,,1236,151,305,48,13,36,119,49,13,99,319,9,8,7,3,20,8465.0,696.0,10.0,4.0,1.0,0.0,0.0,0.0,0.0,,0,0,0,0,0
alvarpe01_2015,alvarpe01,2015,1B,28,4301276.094247246,5731704.0,1393,176,328,53,3,81,233,12,3,141,430,22,8,0,8,34,9285.0,1138.0,661.0,75.0,154.0,0.0,0.0,0.0,0.0,,0,0,0,1,1
murphda08_2015,murphda08,2015,1B,30,4301276.094247246,8000000.0,1753,227,500,113,8,36,208,38,10,102,219,15,6,0,16,43,11209.0,799.0,1020.0,46.0,230.0,0.0,0.0,0.0,0.0,,0,0,0,0,1
zobribe01_2015,zobribe01,2015,2B,34,4301276.094247246,10500000.0,1649,236,452,106,9,35,179,24,12,209,231,11,9,3,17,34,10772.0,694.0,807.0,20.0,176.0,0.0,0.0,0.0,0.0,,0,0,0,0,1
cespeyo01_2015,cespeyo01,2015,OF,30,4301276.094247246,27328046.0,1762,264,467,99,16,83,285,21,14,105,406,13,13,0,15,35,10184.0,777.0,39.0,17.0,2.0,0.0,0.0,0.0,0.0,,0,0,1,0,1
davisch02_2015,davisch02,2015,1B,29,4301276.094247246,21268890.0,1607,268,405,89,1,126,327,8,5,216,580,27,27,1,17,12,11010.0,3178.0,204.0,17.0,330.0,0.0,0.0,0.0,0.0,,0,0,0,1,1
uptonju01_2015,uptonju01,2015,OF,28,4301276.094247246,22125000.0,1666,256,436,87,7,82,253,35,10,203,491,10,15,1,17,32,11517.0,769.0,16.0,15.0,0.0,0.0,0.0,0.0,0.0,,0,0,0,1,1
heywaja01_2015,heywaja01,2015,OF,26,4301276.094247246,19555288.0,1502,220,412,81,8,38,156,45,11,171,261,8,16,1,6,22,10341.0,866.0,23.0,4.0,5.0,0.0,0.0,0.0,0.0,,0,0,1,0,0
amarial01_2016,amarial01,2016,2B,27,4396409.603751466,,887,76,203,25,6,8,81,26,4,61,150,11,2,12,11,17,6599.0,378.0,585.0,23.0,116.0,0.0,0.0,0.0,0.0,,0,0,0,0,0
avilaal01_2016,avilaal01,2016,C,29,4396409.603751466,,737,84,155,33,0,22,71,0,4,139,295,1,4,2,3,13,5914.0,1708.0,100.0,8.0,27.0,9.0,0.0,117.0,54.0,,0,0,0,0,0
beltrca01_2016,beltrca01,2016,OF,39,4396409.603751466,,1433,176,389,90,1,63,209,4,1,117,266,8,8,0,15,42,5235.0,317.0,11.0,7.0,5.0,0.0,0.0,0.0,0.0,,0,0,0,0,1
blancan01_2016,blancan01,2016,2B,32,4396409.603751466,,470,62,129,42,4,12,49,3,4,34,91,1,11,7,1,22,2857.0,154.0,250.0,13.0,45.0,0.0,0.0,0.0,0.0,,0,0,0,0,0
buterdr01_2016,buterdr01,2016,1B,33,4396409.603751466,,400,43,88,19,2,8,35,0,1,31,103,1,4,8,2,3,3256.0,957.0,67.0,11.0,4.0,11.0,0.0,53.0,25.0,,0,0,0,0,0
castiwe01_2016,castiwe01,2016,C,29,4396409.603751466,,1138,111,281,58,1,46,171,2,0,84,315,4,17,2,11,24,7734.0,2189.0,200.0,20.0,17.0,24.0,0.0,130.0,63.0,,0,0,0,0,0
castrja01_2016,castrja01,2016,C,29,4396409.603751466,,1131,122,243,56,5,36,119,3,1,112,389,2,12,2,6,25,8321.0,2416.0,171.0,9.0,17.0,30.0,0.0,168.0,61.0,,0,0,0,0,0
davisra01_2016,davisra01,2016,OF,36,4396409.603751466,,1256,193,331,66,15,28,129,97,25,77,257,0,13,5,8,21,8047.0,673.0,17.0,12.0,3.0,0.0,0.0,0.0,0.0,,0,0,0,0,0
descada01_2016,descada01,2016,1B,30,4396409.603751466,,596,80,143,26,4,13,70,5,5,74,134,9,3,5,4,7,3590.0,332.0,303.0,19.0,85.0,0.0,0.0,0.0,0.0,,0,0,0,0,0
drewst01_2016,drewst01,2016,SS,33,4396409.603751466,,797,85,159,41,3,32,91,1,4,80,177,4,3,4,9,11,5939.0,356.0,579.0,19.0,137.0,0.0,0.0,0.0,0.0,,0,0,0,0,0
ellisaj01_2016,ellisaj01,2016,C,35,4396409.603751466,,635,56,134,26,0,12,68,2,1,104,126,8,7,9,5,24,5148.0,1699.0,150.0,5.0,10.0,8.0,0.0,100.0,45.0,,0,0,0,0,0
gutiefr01_2016,gutiefr01,2016,OF,33,4396409.603751466,,419,60,111,20,0,29,74,1,0,43,139,1,6,0,4,11,2355.0,172.0,4.0,1.0,1.0,0.0,0.0,0.0,0.0,,0,0,0,0,0
gomezca01_2016,gomezca01,2016,OF,31,4396409.603751466,,1420,201,369,85,6,48,182,69,26,112,378,3,31,7,4,26,9547.0,849.0,19.0,14.0,6.0,0.0,0.0,0.0,0.0,,0,0,0,0,1
heisech01_2016,heisech01,2016,OF,32,4396409.603751466,,469,60,101,20,3,19,48,9,4,43,125,2,4,5,5,4,2857.0,217.0,1.0,0.0,0.0,0.0,0.0,0.0,0.0,,0,0,0,0,0
hollima01_2016,hollima01,2016,OF,36,4396409.603751466,,1185,155,314,73,2,44,187,6,2,148,220,10,31,0,6,38,7445.0,501.0,17.0,7.0,6.0,0.0,0.0,0.0,0.0,,0,0,0,0,1
hundlni01_2016,hundlni01,2016,C,33,4396409.603751466,,873,93,238,48,6,26,113,6,6,56,204,3,2,3,5,23,6158.0,1633.0,119.0,14.0,14.0,17.0,0.0,138.0,40.0,,0,0,0,0,0
iannech01_2016,iannech01,2016,C,33,4396409.603751466,,873,92,190,46,0,24,101,3,1,133,257,4,11,1,10,18,7006.0,2095.0,122.0,10.0,10.0,16.0,0.0,138.0,56.0,,0,0,0,0,0
jayjo02_2016,jayjo02,2016,OF,31,4396409.603751466,,970,126,270,47,5,6,82,8,5,66,192,8,37,7,6,29,6615.0,574.0,8.0,3.0,3.0,0.0,0.0,0.0,0.0,,0,0,0,0,0
joycema01_2016,joycema01,2016,OF,32,4396409.603751466,,896,113,205,45,4,27,115,3,9,151,245,9,11,1,11,25,4804.0,332.0,8.0,4.0,1.0,0.0,0.0,0.0,0.0,,0,0,0,0,0
lamarry01_2016,lamarry01,2016,OF,28,4396409.603751466,,30,3,2,0,0,0,0,0,0,1,11,0,0,1,0,2,228.0,19.0,1.0,1.0,0.0,0.0,0.0,0.0,0.0,,0,0,0,0,0
lindad01_2016,lindad01,2016,1B,33,4396409.603751466,,1193,158,328,73,2,46,185,0,1,120,237,17,2,0,5,29,6987.0,2186.0,155.0,12.0,240.0,0.0,0.0,0.0,0.0,,0,0,0,0,0
mathije01_2016,mathije01,2016,C,33,4396409.603751466,,394,33,80,15,2,6,39,0,0,26,124,3,1,6,3,5,3089.0,903.0,84.0,5.0,8.0,4.0,0.0,67.0,31.0,,0,0,0,0,0
moralke01_2016,moralke01,2016,1B,33,4396409.603751466,,1494,174,392,85,2,60,241,0,0,133,291,9,18,0,13,56,1125.0,335.0,15.0,1.0,30.0,0.0,0.0,0.0,0.0,,0,0,0,1,0
morelmi01_2016,morelmi01,2016,1B,31,4396409.603751466,,1098,118,279,57,1,47,168,2,0,79,273,7,16,2,7,24,6821.0,2173.0,144.0,9.0,262.0,0.0,0.0,0.0,0.0,,0,0,1,0,0
morrilo01_2016,morrilo01,2016,1B,29,4396409.603751466,,1146,133,275,53,4,42,135,17,8,108,229,7,13,1,6,20,7629.0,2283.0,160.0,11.0,217.0,0.0,0.0,0.0,0.0,,0,0,0,0,0
mossbr01_2016,mossbr01,2016,1B,33,4396409.603751466,,1382,183,316,66,6,72,206,2,1,155,442,14,22,0,11,26,9208.0,1519.0,88.0,15.0,123.0,0.0,0.0,0.0,0.0,,0,0,0,0,1
pearcst01_2016,pearcst01,2016,1B,33,4396409.603751466,,896,128,239,52,2,49,124,6,4,97,199,4,14,0,3,20,5634.0,1035.0,163.0,8.0,93.0,0.0,0.0,0.0,0.0,,0,0,0,0,0
plouftr01_2016,plouftr01,2016,3B,30,4396409.603751466,,1412,178,357,88,7,48,213,5,2,122,293,2,10,2,12,51,9234.0,469.0,638.0,33.0,87.0,0.0,0.0,0.0,0.0,,0,0,0,0,0
rasmuco01_2016,rasmuco01,2016,OF,30,4396409.603751466,,1147,150,257,54,3,58,155,10,2,119,399,2,3,2,7,12,7852.0,642.0,25.0,6.0,5.0,0.0,0.0,0.0,0.0,,0,0,0,0,0
reverbe01_2016,reverbe01,2016,OF,28,4396409.603751466,,1543,199,441,44,21,6,97,94,20,63,147,1,9,14,6,28,9462.0,788.0,9.0,6.0,5.0,0.0,0.0,0.0,0.0,,0,0,0,0,0
rodrise01_2016,rodrise01,2016,1B,31,4396409.603751466,,761,104,186,41,5,34,114,6,4,48,231,2,17,9,6,18,5204.0,837.0,233.0,13.0,106.0,0.0,0.0,0.0,0.0,,0,0,0,0,0
rosalad01_2016,rosalad01,2016,1B,33,4396409.603751466,,492,71,118,23,3,20,61,12,6,52,160,2,5,0,4,11,3578.0,406.0,259.0,13.0,88.0,0.0,0.0,0.0,0.0,,0,0,0,0,0
rufda01_2016,rufda01,2016,1B,30,4396409.603751466,,453,51,104,22,0,18,56,1,1,33,126,0,9,1,7,14,2829.0,651.0,38.0,4.0,64.0,0.0,0.0,0.0,0.0,,0,0,0,0,0
saundmi01_2016,saundmi01,2016,OF,30,4396409.603751466,,752,110,193,43,6,32,94,5,7,90,226,3,5,3,7,17,5070.0,327.0,9.0,2.0,0.0,0.0,0.0,0.0,0.0,,0,0,0,0,1
suzukku01_2016,suzukku01,2016,C,33,4396409.603751466,,1230,107,323,75,1,16,160,0,1,81,153,4,21,8,15,32,8732.0,2241.0,102.0,12.0,11.0,7.0,0.0,196.0,47.0,,0,0,0,0,1
utleych01_2016,utleych01,2016,2B,38,4396409.603751466,,1474,190,367,83,11,33,169,16,3,125,264,17,34,1,18,15,9587.0,675.0,931.0,24.0,191.0,0.0,0.0,0.0,0.0,,0,0,0,0,1
valbulu01_2016,valbulu01,2016,2B,31,4396409.603751466,,1204,168,292,68,5,54,147,3,3,159,300,7,9,4,6,26,8758.0,476.0,575.0,22.0,74.0,0.0,0.0,0.0,0.0,,0,0,0,0,0
reddijo01_2016,reddijo01,2016,OF,29,4396409.603751466,,1287,173,351,58,12,42,168,19,6,116,184,6,1,1,6,18,8892.0,658.0,19.0,16.0,4.0,0.0,0.0,0.0,0.0,,0,0,0,0,0
napolmi01_2016,napolmi01,2016,1B,35,4396409.603751466,,1379,187,327,62,2,69,206,11,6,213,445,8,13,0,9,38,8303.0,2588.0,195.0,30.0,233.0,0.0,0.0,0.0,0.0,,0,0,0,0,0
trumbma01_2016,trumbma01,2016,1B,30,4396409.603751466,,1449,193,367,65,5,83,233,4,3,115,391,5,4,0,6,34,7157.0,903.0,47.0,14.0,60.0,0.0,0.0,0.0,0.0,,0,0,0,1,1
wietema01_2016,wietema01,2016,C,30,4396409.603751466,,785,85,204,36,2,30,109,1,1,59,171,1,5,1,8,15,5035.0,1485.0,79.0,17.0,11.0,3.0,0.0,72.0,32.0,,0,0,0,0,1
ramoswi01_2016,ramoswi01,2016,C,29,4396409.603751466,,1298,131,348,53,0,48,195,0,0,73,237,6,2,0,15,50,8849.0,2746.0,192.0,14.0,11.0,17.0,0.0,92.0,61.0,,0,0,0,1,1
desmoia01_2016,desmoia01,2016,SS,31,4396409.603751466,,1801,249,465,82,8,65,239,58,16,135,530,2,14,6,10,37,12290.0,759.0,841.0,63.0,178.0,0.0,0.0,0.0,0.0,,0,0,0,1,1
fowlede01_2016,fowlede01,2016,OF,30,4396409.603751466,,1486,247,395,75,19,38,129,44,15,229,386,3,19,4,8,13,9932.0,794.0,15.0,13.0,4.0,0.0,0.0,0.0,0.0,,0,0,0,0,1
turneju01_2016,turneju01,2016,1B,32,4396409.603751466,,1229,180,364,81,5,50,193,15,4,112,236,3,27,1,14,32,8137.0,233.0,608.0,32.0,66.0,0.0,0.0,0.0,0.0,,0,0,0,0,0
cespeyo01_2016,cespeyo01,2016,OF,31,4396409.603751466,,1712,262,474,103,13,88,291,17,8,119,377,16,15,0,18,41,10519.0,803.0,38.0,18.0,1.0,0.0,0.0,0.0,0.0,,0,0,1,1,1
encared01_2016,encared01,2016,1B,33,4396409.603751466,,1606,268,432,92,2,115,336,7,2,226,318,14,16,0,19,54,5481.0,1695.0,92.0,13.0,141.0,0.0,0.0,0.0,0.0,,0,0,0,0,1
adamsma01_2017,adamsma01,2017,1B,29,,,811,97,209,49,1,41,143,1,1,58,210,7,3,0,8,11,4794.0,1462.0,135.0,17.0,135.0,0.0,0.0,0.0,0.0,,0,0,0,0,0
alonsyo01_2017,alonsyo01,2017,1B,30,,,1287,174,342,74,1,40,154,7,6,155,240,10,6,0,7,37,9254.0,2938.0,198.0,18.0,285.0,0.0,0.0,0.0,0.0,,0,0,0,0,1
avilaal01_2017,avilaal01,2017,C,30,,,658,81,152,24,1,25,73,0,2,140,264,2,2,2,2,17,5030.0,1437.0,84.0,6.0,35.0,11.0,0.0,84.0,35.0,,0,0,0,0,0
castiwe01_2017,castiwe01,2017,C,30,,,1099,127,287,50,1,53,178,2,0,80,310,4,10,0,11,27,7245.0,2052.0,149.0,18.0,20.0,22.0,0.0,98.0,59.0,,0,0,0,0,0
dudalu01_2017,dudalu01,2017,1B,31,,,1047,137,242,68,0,64,160,0,2,141,309,15,22,0,7,22,6821.0,2045.0,146.0,10.0,165.0,0.0,0.0,0.0,0.0,,0,0,0,0,0
dysonja01_2017,dysonja01,2017,OF,33,,,845,133,220,35,17,8,73,84,17,68,131,4,17,18,4,10,6596.0,577.0,30.0,7.0,10.0,0.0,0.0,0.0,0.0,,0,0,0,0,0
escobal02_2017,escobal02,2017,SS,31,,,1848,204,473,80,16,16,156,38,16,68,273,4,15,28,14,40,12369.0,640.0,1311.0,42.0,272.0,0.0,0.0,0.0,0.0,,0,0,1,0,1
gonzaca01_2017,gonzaca01,2017,OF,32,,,1608,246,447,101,4,79,254,7,2,148,381,15,4,1,13,30,10666.0,705.0,19.0,13.0,2.0,0.0,0.0,0.0,0.0,,0,0,0,1,1
gonzaad01_2017,gonzaad01,2017,1B,35,,,1370,159,375,81,0,49,210,0,4,133,267,20,10,0,13,44,9152.0,2786.0,232.0,10.0,218.0,0.0,0.0,0.0,0.0,,0,0,0,0,1
grandcu01_2017,grandcu01,2017,OF,36,,,1574,260,374,81,10,82,193,21,10,236,404,12,20,0,12,18,10445.0,769.0,20.0,7.0,2.0,0.0,0.0,0.0,0.0,,0,0,0,0,0
gomezca01_2017,gomezca01,2017,OF,32,,,1214,157,300,74,3,42,160,48,19,96,364,3,31,9,6,19,8325.0,723.0,17.0,13.0,5.0,0.0,0.0,0.0,0.0,,0,0,0,0,0
hundlni01_2017,hundlni01,2017,C,34,,,942,102,255,64,6,29,126,5,6,58,222,5,2,3,4,26,6459.0,1707.0,119.0,19.0,11.0,18.0,0.0,143.0,50.0,,0,0,0,0,0
iannech01_2017,iannech01,2017,C,34,,,839,89,182,43,0,34,101,0,1,116,253,1,9,1,6,18,6401.0,1968.0,122.0,14.0,6.0,17.0,0.0,114.0,43.0,,0,0,0,0,0
jacksau01_2017,jacksau01,2017,OF,30,,,952,126,266,56,8,16,101,22,12,79,229,0,5,5,7,21,6497.0,544.0,10.0,8.0,5.0,0.0,0.0,0.0,0.0,,0,0,0,0,0
jayjo02_2017,jayjo02,2017,OF,32,,,936,139,257,49,5,5,70,8,4,75,194,8,29,7,4,23,5985.0,465.0,9.0,1.0,3.0,0.0,0.0,0.0,0.0,,0,0,0,0,0
kendrho01_2017,kendrho01,2017,2B,34,,,1256,169,357,64,7,26,135,28,9,99,246,3,10,1,6,45,8092.0,555.0,424.0,13.0,82.0,0.0,0.0,0.0,0.0,,0,0,0,0,0
martile01_2017,martile01,2017,OF,29,,,934,112,213,32,4,23,81,45,15,68,251,2,7,7,8,17,6746.0,655.0,25.0,5.0,4.0,0.0,0.0,0.0,0.0,,0,0,0,0,0
maybica01_2017,maybica01,2017,OF,30,,,1249,193,335,52,9,24,137,71,20,132,265,2,6,4,5,36,8456.0,786.0,13.0,10.0,2.0,0.0,0.0,0.0,0.0,,0,0,0,0,0
morelmi01_2017,morelmi01,2017,1B,32,,,1439,173,363,82,0,67,224,2,1,124,350,13,21,0,10,31,9702.0,2949.0,196.0,11.0,342.0,0.0,0.0,0.0,0.0,,0,0,1,0,0
morrilo01_2017,morrilo01,2017,1B,30,,,1322,167,313,55,5,69,182,14,6,165,319,14,15,1,7,23,8666.0,2641.0,172.0,16.0,260.0,0.0,0.0,0.0,0.0,,0,0,0,0,0
reyesjo01_2017,reyesjo01,2017,SS,34,,,1237,177,323,63,13,30,135,57,14,99,190,2,2,14,7,12,7938.0,314.0,742.0,30.0,132.0,0.0,0.0,0.0,0.0,,0,0,0,0,0
riverre01_2017,riverre01,2017,C,34,,,701,51,149,27,0,21,87,0,1,41,210,6,9,7,5,12,5507.0,1835.0,135.0,14.0,13.0,14.0,0.0,109.0,56.0,,0,0,0,0,0
stewach01_2017,stewach01,2017,C,35,,,388,27,91,13,2,1,26,0,0,27,66,3,6,6,2,8,2922.0,900.0,74.0,17.0,4.0,9.0,0.0,79.0,25.0,,0,0,0,0,0
suzukic01_2017,suzukic01,2017,OF,44,,,921,112,236,26,11,5,63,22,8,78,128,3,4,9,6,14,4873.0,406.0,12.0,1.0,2.0,0.0,0.0,0.0,0.0,,0,0,0,0,0
uptonju01_2017,uptonju01,2017,OF,30,,,1669,266,428,98,5,92,277,42,14,192,518,11,11,0,8,34,11541.0,820.0,22.0,15.0,0.0,0.0,0.0,0.0,0.0,,0,0,0,1,1
utleych01_2017,utleych01,2017,2B,39,,,1194,159,281,67,9,30,125,12,3,104,236,5,30,2,11,10,7600.0,558.0,643.0,19.0,144.0,0.0,0.0,0.0,0.0,,0,0,0,0,0
walkene01_2017,walkene01,2017,2B,32,,,1340,185,364,62,6,53,175,7,4,141,271,10,14,1,13,29,9230.0,638.0,926.0,21.0,225.0,0.0,0.0,0.0,0.0,,0,0,0,0,0
cozarza01_2017,cozarza01,2017,SS,32,,,1096,175,297,62,10,49,141,10,4,113,191,4,7,2,11,18,7153.0,417.0,720.0,24.0,164.0,0.0,0.0,0.0,0.0,,0,0,0,0,1
nunezed02_2017,nunezed02,2017,3B,30,,,1208,156,358,71,5,32,145,72,21,59,171,3,9,5,9,20,7238.0,283.0,556.0,29.0,90.0,0.0,0.0,0.0,0.0,,0,0,0,0,1
santaca01_2017,santaca01,2017,1B,31,,,1703,251,426,97,8,76,251,21,6,295,315,14,11,0,12,49,8977.0,2638.0,226.0,13.0,288.0,0.0,0.0,0.0,0.0,,0,0,0,0,0
lucrojo01_2017,lucrojo01,2017,C,31,,,1284,163,353,65,9,37,164,7,0,129,215,11,12,1,14,50,8529.0,2393.0,192.0,18.0,31.0,17.0,0.0,194.0,91.0,,0,0,0,0,1
frazito01_2017,frazito01,2017,3B,31,,,1683,245,392,83,2,102,263,32,16,191,425,6,25,2,19,40,11632.0,331.0,811.0,45.0,98.0,0.0,0.0,0.0,0.0,,0,0,0,0,1
bruceja01_2017,bruceja01,2017,OF,30,,,1674,228,407,91,12,95,287,14,8,159,410,15,7,0,15,35,11222.0,893.0,32.0,15.0,10.0,0.0,0.0,0.0,0.0,,0,0,0,0,1
moustmi01_2017,moustmi01,2017,3B,29,,,1208,160,332,64,1,67,180,1,3,86,183,8,16,4,11,37,7704.0,215.0,523.0,26.0,42.0,0.0,0.0,0.0,0.0,,0,0,0,0,1
cainlo01_2017,cainlo01,2017,OF,31,,,1532,243,458,80,12,40,177,68,13,122,282,8,19,0,10,51,10025.0,1078.0,15.0,20.0,5.0,0.0,0.0,0.0,0.0,,0,0,0,0,1
hosmeer01_2017,hosmeer01,2017,1B,28,,,1807,276,531,88,7,68,291,18,7,184,344,14,4,1,9,54,12140.0,3736.0,250.0,14.0,363.0,0.0,0.0,0.0,0.0,,0,0,1,1,1
martijd02_2017,martijd02,2017,OF,30,,,1488,247,440,94,7,105,274,8,4,155,434,17,8,0,12,47,9838.0,663.0,21.0,12.0,5.0,0.0,0.0,0.0,0.0,,0,0,0,1,1
